toi,tid,tfopwg_disp,pl_orbper,pl_tranmid,toi_created,rowupdate,ra,dec,st_tmag,st_teff,st_rad
101.01,231663901,KP,1.4303699,2458326.009117,2018-09-05 18:49:20,2024-09-06 10:08:02,318.737012,-55.871863,12.4069,5600.0,0.890774
102.01,149603524,KP,4.4119372,2460982.065462,2019-05-07 17:42:37,2026-04-17 10:08:01,87.139821,-63.988329,9.7109,6280.0,1.21
103.01,336732616,KP,3.547854,2458327.25256,2018-09-05 18:49:20,2024-09-07 10:08:02,312.457488,-24.428694,11.5232,6351.0,1.4
104.01,231670397,KP,4.0872956,2460150.608677,2018-09-05 18:49:20,2023-10-16 16:02:02,319.949697,-58.148933,9.8638,6036.0,2.2186699
105.01,144065872,KP,2.1846669,2460904.412675,2018-09-05 18:49:20,2026-04-08 16:00:02,337.457824,-48.003099,9.4995,5630.0,1.23824
106.01,38846515,KP,2.8493827,2460988.068249,2019-05-07 17:42:35,2026-02-17 16:00:01,68.959816,-64.027039,10.3157,6900.0,1.77
107.01,92352620,KP,3.9502008,2460176.993334,2018-09-05 18:49:20,2023-11-15 16:02:02,313.783239,-34.135751,9.6433,6153.0,1.71
108.01,289793076,KP,3.0440495,2458328.085025,2018-09-05 18:49:20,2026-01-10 10:08:01,316.96148,-26.09672,13.163,5523.0,0.809868
109.01,29344935,KP,2.76676,2458326.127479,2018-09-05 18:34:19,2024-09-09 10:08:01,313.215475,-25.687376,13.2366,5346.0,0.984866
110.01,281459670,KP,3.1743504,2458328.039934,2018-11-14 15:06:55,2024-09-09 10:08:01,5.618525,-59.942589,11.6714,5943.0,1.15706
111.01,355703913,KP,2.1061569,2458326.105486,2018-10-22 18:35:39,2024-03-14 16:54:32,0.774487,-62.469317,13.183,5380.0,0.940697
112.01,388104525,KP,2.4997996,2460069.773646,2019-05-07 17:42:43,2023-08-10 16:02:02,55.933639,-65.19378,11.6035,5650.0,1.13732
113.01,97409519,KP,3.372877,2458327.053085,2018-09-05 18:49:20,2021-10-29 12:59:15,332.714337,-30.749719,12.1893,6050.0,1.02
114.01,25155310,KP,3.2887898,2458327.519958,2019-05-07 17:42:34,2024-09-09 10:08:01,63.374706,-69.226593,10.6103,5800.0,1.24175
115.01,281541555,KP,4.7423709,2458329.903155,2018-10-22 18:35:28,2024-09-09 10:08:01,6.70264,-56.316102,13.0417,5377.0,0.877585
116.01,238176110,KP,2.7985802,2458326.688916,2018-09-05 18:49:20,2024-09-09 10:08:01,357.846434,-70.152862,11.0443,4920.0,0.906655
117.01,322307342,KP,3.5862962,2459063.655791,2018-09-05 18:50:25,2022-10-17 16:02:02,15.006077,-58.904724,11.7806,5704.8,2.00441
126.01,70440470,KP,3.0354017,2458326.730861,2018-11-07 18:01:53,2025-09-20 10:08:01,339.489275,-35.154203,12.7923,5751.0,1.07224
143.01,25375553,KP,2.3109689,2460155.87081,2018-09-05 18:51:57,2023-11-15 16:02:02,328.767739,-22.6126,9.77486,6371.0,1.95411
178.04,251848941,KP,3.2384253,2458356.107512,2021-11-18 23:34:22,2021-11-21 12:01:55,7.302011,-30.454116,10.42,4111.0,0.660806
178.05,251848941,KP,15.2321843,2458364.914977,2025-06-05 20:44:24,2025-09-03 16:00:01,7.302011,-30.454116,10.42,4111.0,0.660806
185.01,100100827,KP,0.9414525,2460205.353322,2018-12-20 17:24:11,2023-11-03 10:08:02,24.354462,-45.677794,8.8287,6400.0,1.35
190.01,166739520,KP,10.0205932,2460982.967362,2018-12-20 17:24:11,2026-04-17 10:08:01,36.775811,-50.284425,9.6411,6038.0,1.27527
191.01,183532609,KP,8.1587261,2460202.792714,2018-11-03 00:53:39,2023-11-03 10:08:02,359.900874,-35.031335,9.1468,5600.0,1.0
192.01,183537452,KP,3.9227113,2460929.713786,2018-11-03 00:53:39,2026-02-26 16:00:02,357.879198,-39.907121,10.2499,4800.0,0.64
194.01,211438925,KP,4.8996461,2460198.831716,2018-11-03 00:53:39,2023-11-03 10:08:02,5.160562,-23.935789,10.248,5940.0,1.5
195.01,230982885,KP,2.0727598,2458355.490424,2018-11-03 00:53:39,2023-11-03 10:08:02,24.605139,-55.772001,9.9696,5640.0,1.13
228.01,77044471,KP,2.6865064,2458356.100116,2018-11-29 21:52:42,2026-01-26 16:00:01,358.558844,-30.013038,13.2576,5738.0,1.18274
229.01,120610833,KP,3.1260751,2458354.77371,2018-11-29 21:52:42,2026-01-26 16:00:01,5.237757,-35.998465,11.5005,5100.0,0.874706
231.01,204376737,KP,3.3610013,2458357.394744,2018-11-29 21:52:42,2024-09-19 10:08:01,348.157128,-22.674125,11.4779,5375.0,0.817705
232.01,402026209,KP,1.3382314,2458355.184421,2018-11-29 21:52:42,2024-06-03 10:08:02,353.562915,-42.061779,11.8295,5436.0,0.894974
239.01,9725627,KP,4.1567834,2458356.962228,2018-11-29 21:52:42,2024-11-27 10:08:01,358.408479,-10.118118,10.9774,6362.5,1.38831
241.01,77031414,KP,1.3866519,2458355.195919,2018-11-29 21:52:42,2021-12-08 16:02:02,354.168696,-34.611304,10.9571,6286.0,1.07661
246.01,158623531,KP,7.8728937,2458355.73229,2018-12-20 17:24:11,2021-12-02 10:10:02,24.167869,-50.659308,11.2794,5070.0,1.26
247.01,160148385,KP,3.4252563,2458354.319774,2018-11-29 21:52:42,2024-09-19 10:08:01,1.04657,-47.360635,11.9116,5540.0,1.11655
250.01,184240683,KP,1.6284288,2458355.508611,2018-11-29 21:52:42,2024-09-09 10:08:01,359.349028,-41.27722,11.5464,5700.0,1.0941
255.01,204317710,KP,2.8126485,2459090.083321,2018-11-29 21:52:42,2021-12-09 10:10:02,346.075086,-21.272017,13.7426,5700.0,1.00957
256.01,92226327,KP,24.7373412,2458399.928643,2018-11-30 22:06:23,2021-10-29 12:59:15,11.248632,-15.274109,11.2991,3131.0,0.215535
256.02,92226327,KP,3.7779418,2459141.100488,2018-11-30 22:06:23,2021-12-01 16:02:01,11.248632,-15.274109,11.2991,3131.0,0.215535
259.01,12862099,KP,2.4238226,2458386.578118,2018-11-30 22:06:23,2021-12-08 10:10:01,3.903273,-11.938264,12.3993,5410.0,0.93
264.01,122612091,KP,2.2167436,2460988.072434,2019-06-06 20:53:59,2026-04-17 10:08:01,41.040078,-30.169078,10.4614,6250.0,2.66
265.01,159951311,KP,5.9242661,2459169.574874,2019-06-06 20:53:59,2024-09-09 10:08:01,49.562173,-41.302023,11.7276,5310.0,0.846671
267.01,166836920,KP,5.7525804,2460988.126499,2018-11-30 22:06:24,2026-04-17 10:08:01,39.897669,-50.008193,8.93,6180.0,1.70927
272.01,268766053,KP,3.3098458,2459140.875701,2018-11-30 22:06:25,2024-09-09 10:08:01,31.909164,-20.661843,11.7617,4953.0,0.858619
295.01,327952677,KP,3.3969441,2459090.143839,2018-12-20 19:43:30,2024-04-25 10:08:01,359.091858,-13.271638,12.141,5864.0,1.27071
303.01,145750719,KP,3.5608112,2459468.532701,2018-12-20 19:43:30,2022-10-20 16:02:02,341.364034,-14.991775,12.0213,5659.0,1.47
306.01,114749636,KP,4.6027498,2459089.500823,2018-12-20 19:43:30,2025-08-29 16:00:02,359.191512,-22.153232,11.7607,5909.0,1.3408999
338.01,116156517,KP,5.36777,2459108.86073,2018-12-20 19:43:30,2022-10-20 16:02:02,7.709529,-40.573461,11.3151,6561.0,1.72
351.01,228381868,KP,3.4654953,2459091.364241,2018-12-20 19:43:30,2024-03-14 16:54:32,357.580647,-17.077595,12.0719,5570.3,1.77738
388.01,422655579,KP,2.9036858,2460985.806844,2019-02-08 20:04:48,2026-04-17 10:08:01,29.263451,0.758825,10.1638,6059.0,2.14325
391.01,382391899,KP,1.9550932,2459169.669461,2019-02-08 20:04:48,2021-12-02 16:02:01,43.688074,-10.898024,11.0529,5400.0,0.873418
398.01,1129033,KP,1.3600283,2459168.520849,2019-02-08 20:04:48,2021-12-02 16:02:01,37.155522,-7.060667,9.62713,5500.0,0.933975
400.01,35857242,KP,3.6344447,2459169.279248,2019-02-08 20:04:48,2021-10-29 12:59:15,41.63916,-0.464125,11.3161,6272.0,1.42
403.01,257567854,KP,3.532822,2458411.901592,2019-02-08 20:04:48,2024-09-19 10:08:01,52.818037,-23.819792,11.185,6153.0,1.25
404.01,166833457,KP,2.9626402,2459168.63923,2019-02-08 20:04:48,2024-04-26 10:08:02,58.429011,-34.328272,12.3943,5473.0,0.718635
413.01,170634116,KP,3.6623918,2459174.669346,2019-06-06 20:53:59,2021-12-02 16:02:01,66.370902,-30.600436,9.6757,6600.0,1.48532
415.01,152476657,KP,3.6112621,2459166.483051,2019-06-06 20:53:59,2021-12-02 16:02:01,62.616081,-45.898243,10.5831,6450.0,1.68443
418.01,178284730,KP,2.2359865,2459146.100495,2019-06-06 20:53:59,2021-12-02 16:02:01,60.385539,-20.450999,10.3074,5260.0,0.844379
423.01,43647325,KP,3.1615697,2459176.768453,2019-02-08 16:19:52,2021-12-02 16:02:01,76.081891,-6.22978,10.4408,6072.0,1.0977401
434.01,78055054,KP,4.3888516,2459198.519993,2019-06-06 20:53:59,2021-12-02 16:02:01,80.538242,-30.970818,12.8461,5175.0,0.877856
437.01,32499655,KP,2.7439029,2459197.575826,2019-06-06 20:53:59,2021-12-02 16:02:01,84.326756,-27.972576,13.5452,4860.0,0.885702
439.01,13021029,KP,3.85589,2459175.599762,2019-02-08 16:19:52,2024-04-25 10:08:01,75.299664,-26.054144,11.7231,6244.5,1.43256
443.01,117979897,KP,3.3106692,2459174.840517,2019-02-08 16:19:52,2021-12-02 16:02:01,71.824435,-17.115174,12.0682,6030.0,1.3514301
449.01,139528693,KP,2.1751729,2459175.58961,2019-02-08 16:19:52,2021-12-02 16:02:01,63.756266,-22.11639,11.8282,6291.0,2.0625999
452.01,139733308,KP,4.7633952,2459174.695544,2019-02-08 16:19:52,2021-12-02 16:02:01,67.222847,-21.482057,11.9012,5258.0,0.87551
453.01,452808876,KP,2.70582,2458438.96587,2019-02-08 16:19:52,2021-10-29 12:59:15,72.660592,1.893836,9.538961,6441.6,2.1
465.01,270380593,KP,3.8361623,2458414.135893,2019-02-08 19:54:07,2024-11-26 16:02:02,32.782085,2.418194,10.7307,4910.0,0.84738
466.01,4616072,KP,4.1876154,2459201.891355,2019-02-22 14:51:22,2021-10-29 12:59:15,101.994246,-21.910711,12.8893,6675.0,1.23733
468.01,33521996,KP,3.3252703,2459220.820401,2019-02-27 22:16:31,2021-10-29 12:59:15,88.146808,-19.031627,13.3383,3724.0,0.596801
471.01,47911178,KP,3.5857076,2459223.302264,2019-02-27 22:16:31,2021-10-29 12:59:15,98.351102,-23.486086,9.79059,6400.0,1.34556
473.01,52640302,KP,1.5732848,2459229.48943,2019-02-22 14:51:22,2021-10-29 12:59:15,101.114922,-32.858388,12.0506,5400.0,1.09539
474.01,59843967,KP,2.5167257,2459226.05544,2019-02-27 22:16:31,2021-10-29 12:59:15,94.112091,-22.546882,12.7632,5403.0,0.982638
477.01,170102285,KP,2.9444273,2458470.661116,2019-02-27 22:16:31,2024-09-19 10:08:01,101.127503,-42.76223,11.7583,5150.0,0.88727
479.01,306362738,KP,2.7817379,2459221.888774,2019-02-27 22:16:31,2021-10-29 12:59:15,91.089719,-16.96539,10.8164,5600.0,1.02095
483.01,393414358,KP,4.3780807,2458469.697072,2019-02-22 14:51:24,2024-09-07 10:08:02,94.336356,-38.323383,10.439,5570.0,1.79224
489.01,455096220,KP,3.6466612,2459250.846246,2019-03-14 21:38:48,2021-12-01 16:02:01,123.250703,4.787029,11.8997,6096.0,1.35672
490.01,455135327,KP,2.8106013,2458491.915477,2019-03-14 21:38:48,2024-10-10 10:08:04,123.949843,5.836867,9.93908,6304.0,1.34004
491.01,468987719,KP,3.3326812,2460279.866473,2019-03-14 21:38:48,2024-02-01 16:02:02,128.925689,10.206587,12.7656,5645.0,1.11
492.01,17746821,KP,3.1220166,2458493.164634,2019-03-14 21:38:48,2024-11-25 16:02:01,118.063438,12.139347,11.3155,6280.0,1.72958
495.01,22529346,KP,1.2749246,2459986.21062,2019-03-14 21:38:48,2023-04-04 16:02:02,107.600231,-39.09727,10.056,6459.0,1.52
501.01,134537478,KP,1.7100122,2459987.847958,2019-03-14 21:38:48,2023-04-04 16:02:02,108.301409,-42.409762,10.3887,5720.0,1.51
505.01,268644785,KP,3.3294649,2459299.865444,2019-03-08 14:44:09,2021-12-01 16:02:01,117.414976,-52.120447,10.6815,6003.0,1.52238
508.01,425206121,KP,4.6117328,2459222.78972,2019-03-14 21:38:48,2021-10-29 12:59:15,111.509529,7.615776,9.654,7346.0,1.67
511.01,440777904,KP,3.3552444,2458491.695717,2019-03-22 22:54:00,2024-11-26 16:02:02,108.825117,14.262606,11.3072,6373.0,1.41886
514.01,366576758,KP,11.3909685,2458495.842899,2019-03-22 22:54:00,2024-11-26 16:02:02,127.882912,11.922255,13.6674,5027.0,0.875936
534.01,281909674,KP,4.0350444,2458470.81672,2019-03-28 00:07:14,2021-12-09 10:10:02,102.721143,-5.086456,14.4266,5945.0,1.1370699
535.01,280210963,KP,2.8280391,2459203.486894,2019-03-28 00:07:14,2021-12-09 10:10:02,100.765687,-1.296444,14.7971,5675.0,1.0367399
536.01,234825296,KP,9.2432303,2458473.382195,2019-03-28 00:07:14,2021-12-08 16:02:02,97.720425,0.226893,13.8786,5880.0,1.2998101
537.01,234112540,KP,4.0379012,2459205.316448,2019-03-28 00:07:14,2021-12-03 16:02:01,101.27724,0.815216,13.4831,6100.0,1.27299
545.01,37168957,KP,1.9000862,2459203.608483,2019-03-28 00:07:14,2021-12-02 10:10:02,98.172417,-0.031604,14.2465,5440.0,0.934028
546.01,36440357,KP,9.2016496,2459211.46641,2019-03-28 00:07:14,2021-12-02 10:10:02,102.194623,-0.672786,13.1573,6190.0,1.12271
547.01,36352297,KP,1.5089635,2459211.478874,2019-03-28 00:07:14,2021-10-29 12:59:15,102.079859,-3.102139,13.0501,5950.0,1.29
548.01,42821097,KP,3.8971203,2459205.242785,2019-03-28 00:07:14,2021-12-02 10:10:02,97.033598,-0.170729,13.1861,6090.0,1.6395
551.01,192826603,KP,2.6473051,2459203.149174,2019-06-06 20:53:59,2021-12-02 16:02:01,82.714213,-36.630981,13.9143,3916.0,0.567866
567.01,13349647,KP,1.5373643,2458518.50543,2019-04-05 20:18:16,2024-09-07 10:08:02,131.58039,-8.026985,12.212,5959.0,0.959588
571.01,270468559,KP,4.6418435,2458519.462703,2019-04-05 20:18:17,2024-11-25 16:02:01,135.344358,6.097083,11.5598,5743.0,1.41374
574.01,315002523,KP,3.3023907,2459991.488255,2019-04-05 20:18:18,2023-10-17 16:02:02,144.926859,-28.5856,12.4257,6071.0,1.91031
578.01,423275733,KP,2.0528684,2459278.251179,2019-04-05 20:18:19,2021-12-02 16:02:01,140.506316,-23.946102,12.3368,6010.0,1.70948
655.01,35516889,KP,0.7888389,2459304.062715,2019-05-07 15:39:33,2024-09-19 10:08:01,148.416767,-45.659108,11.6044,5568.0,1.0280499
656.01,36734222,KP,0.8134733,2458543.604633,2019-05-07 15:39:33,2024-09-19 10:08:01,154.908187,-9.806443,11.1184,4400.0,0.757649
660.01,53189332,KP,9.2897006,2458544.650778,2019-05-07 15:39:33,2024-09-19 10:08:01,166.429628,-5.079485,10.99,6055.0,1.41549
661.01,53735810,KP,4.0860495,2458544.170492,2019-05-07 15:39:33,2024-09-19 10:08:01,158.22503,-34.989907,11.248,6580.0,1.47741
664.01,55092869,KP,4.7359232,2459988.88442,2019-05-07 15:39:33,2023-04-13 10:10:01,161.706905,-9.399365,7.3212,5370.0,2.7871499
667.01,101955023,KP,1.6289322,2459280.989404,2019-05-07 15:39:33,2021-10-29 12:59:15,153.70907,-47.154936,10.8372,3202.0,0.226407
675.01,169226822,KP,4.1780637,2458543.942051,2019-05-06 19:17:05,2024-11-26 16:02:02,160.558765,-3.834999,9.62959,5620.0,1.34736
683.01,437248515,KP,3.4058895,2459303.595258,2019-05-07 15:39:33,2024-09-19 10:08:01,169.43886,-19.054778,11.4553,6302.0,1.26867
685.01,281731203,KP,11.6332127,2460268.402363,2019-05-07 15:39:33,2024-02-01 16:02:02,163.032312,0.493167,9.9623,5287.7,1.73
744.01,437242640,KP,4.3176859,2460031.706114,2019-05-15 18:24:37,2023-05-11 16:02:02,165.399368,-23.860946,9.7566,5700.0,1.11
747.01,15445551,KP,1.6827917,2458569.66758,2019-06-05 19:57:31,2024-09-19 10:08:01,185.324682,-52.840816,10.349,6271.0,1.56803
748.01,104024556,KP,2.0219583,2460064.168409,2019-06-11 20:03:40,2023-06-28 10:10:02,196.043793,-35.549529,10.3182,7000.0,1.94
750.01,14614418,KP,0.8378453,2458569.538097,2019-06-11 20:03:40,2024-09-19 10:08:01,173.95742,-29.156064,13.3898,5600.0,1.01656
751.01,14661418,KP,4.722816,2458570.990969,2019-06-11 20:03:40,2024-09-19 10:08:01,174.009869,-29.543364,12.4806,4803.0,0.793235
752.01,61538902,KP,5.7481323,2458573.686954,2019-06-11 20:03:40,2024-09-19 10:08:01,176.299052,-42.063958,11.3743,5900.0,1.12783
755.02,73228647,KP,6.7418796,2458576.159251,2024-02-01 22:49:16,2024-02-01 16:02:02,190.036564,-44.312078,9.4628,6003.0,0.986649
766.01,219698950,KP,3.4464529,2458570.564724,2019-06-11 20:03:40,2024-04-25 10:08:01,175.52524,-23.354845,11.5122,5870.0,0.913091
767.01,229047362,KP,3.764873,2458572.990673,2019-06-11 20:03:40,2021-10-29 12:59:15,195.359758,-27.522227,11.2175,5703.0,0.92
769.01,248075138,KP,4.9816784,2459332.02995,2019-06-11 20:03:40,2023-01-25 10:10:01,192.981203,-42.073617,11.3728,5315.0,0.79
770.01,248111245,KP,4.6370479,2459310.764623,2019-06-05 19:57:34,2022-03-30 10:10:02,193.55246,-46.587716,12.3335,6438.0,1.68054
773.01,286865921,KP,4.971298,2459329.250355,2019-06-11 20:03:40,2023-01-25 10:10:01,190.151956,-19.284353,11.5037,5510.0,1.09
774.01,294301883,KP,4.4656306,2458573.614654,2019-06-11 20:03:40,2026-01-15 16:00:02,203.758195,-17.503496,11.3473,6070.0,1.09036
780.01,398943781,KP,3.0524018,2459329.902022,2019-06-11 20:03:40,2023-01-25 10:10:01,190.618803,-30.639818,10.7875,5545.0,0.88
781.01,413376180,KP,1.3541342,2458570.772731,2019-06-11 20:03:40,2024-09-19 10:08:01,176.738826,-22.56301,12.7492,5227.0,0.931471
818.01,46096489,KP,3.118536,2458598.072777,2019-06-17 17:15:50,2024-09-09 10:08:01,214.683011,-20.275437,10.6481,5700.0,0.95
819.01,73717937,KP,16.2546802,2459301.040554,2019-06-17 17:15:50,2023-01-24 16:02:02,192.189568,-47.613679,11.7528,5846.0,1.32
820.01,111991770,KP,3.752062,2458599.445086,2019-06-17 17:15:51,2024-09-09 10:08:01,208.928011,-32.159712,10.4445,6300.0,1.48
822.01,127530399,KP,7.1335149,2458602.855939,2019-06-17 17:15:51,2024-09-09 10:08:01,217.6092,-46.159516,11.1116,4775.0,0.789877
825.01,220029715,KP,3.1853186,2458598.749132,2019-06-17 17:15:52,2024-03-14 16:54:32,208.856746,-21.207859,12.4284,4944.0,0.781959
826.01,243200602,KP,11.5509742,2460063.00836,2019-06-17 17:15:52,2023-06-28 10:10:02,203.106019,-42.475273,10.491,5625.0,1.06
828.01,271168962,KP,5.3220505,2460043.844612,2019-06-17 17:15:53,2023-06-15 16:02:02,210.193571,-30.583608,9.47199,6030.0,1.95757
834.01,404340025,KP,2.6755521,2458597.038666,2019-06-27 18:48:45,2024-09-09 10:08:01,195.828164,-49.639773,10.7036,6783.0,1.3441499
839.01,466840711,KP,2.4855428,2458571.553691,2019-06-17 17:15:57,2026-03-13 10:08:01,166.979879,-61.14625,14.1491,6933.0,1.59944
840.01,287563610,KP,3.7993182,2459328.560231,2019-06-17 17:15:53,2023-01-24 16:02:02,198.132842,-45.590574,13.0546,5318.0,0.97
843.01,437333618,KP,4.2986466,2458598.424853,2019-06-17 17:15:56,2024-09-09 10:08:01,207.907675,-23.78124,12.472,5715.0,1.11852
857.01,404467699,KP,3.9080236,2459137.830843,2019-07-10 19:36:45,2025-08-29 16:00:02,25.871364,-14.149185,10.2676,6143.0,1.63
966.01,178367144,KP,3.4091568,2459965.700001,2019-07-24 15:58:33,2023-08-10 16:02:02,123.392246,-1.982787,10.5572,6316.0,1.21069
1049.01,16288184,KP,2.1805333,2458626.801546,2019-07-15 19:20:04,2026-01-15 16:00:02,253.768848,-28.710584,11.0657,6599.0,1.2714601
1050.01,66818296,KP,3.7354838,2459355.54563,2019-07-15 19:20:05,2022-10-05 10:10:01,239.962248,-28.061794,11.0261,6650.0,1.57
1065.01,7088246,KP,2.1605155,2458654.345755,2019-08-16 20:20:41,2026-04-15 10:08:02,286.36675,-50.06735,13.2851,5780.0,1.2
1066.01,201604954,KP,4.606184,2458657.832537,2019-08-16 20:20:44,2021-10-29 12:59:15,285.096517,-54.893341,11.9707,5670.0,1.07
1067.01,201642601,KP,3.1316735,2458656.987874,2019-08-16 20:20:44,2024-03-14 16:54:32,288.672005,-59.57935,13.1686,4351.0,0.76701
1068.01,6663331,KP,3.180362,2458656.633231,2019-08-16 20:20:41,2021-10-29 12:59:15,284.399762,-49.138513,13.2887,5498.0,0.92
1069.01,31858843,KP,2.9776446,2460147.378764,2019-08-16 20:20:41,2023-10-16 16:02:02,289.479212,-32.860124,10.4293,5703.0,1.22
1071.01,120247528,KP,3.5544026,2458655.394059,2019-08-16 20:20:42,2025-08-29 16:00:02,280.184169,-58.459388,11.5803,5639.0,1.11499
1076.01,360742636,KP,2.5495611,2458654.163257,2019-08-16 20:20:48,2024-09-09 10:08:01,294.633694,-55.330269,11.2474,5659.0,1.03997
1084.01,380589029,KP,1.3484961,2458653.973305,2019-08-16 20:20:49,2024-09-09 10:08:01,268.890707,-61.7474,12.2851,6346.0,1.14759
1144.01,28230919,KP,4.8878037,2460554.347022,2019-08-27 16:09:25,2024-11-14 10:08:02,297.710176,48.081864,8.5077,4757.3,0.76
1148.01,349827430,KP,5.5514888,2460361.366521,2019-08-27 16:09:25,2024-05-17 10:08:01,161.909027,71.655727,7.9179,6403.9,1.55
1150.01,16740101,KP,1.4810903,2458683.457596,2019-09-03 15:31:11,2024-05-17 10:08:01,307.8599,39.938916,7.58204,9435.0,2.28773
1151.01,69679391,KP,3.4741012,2460337.986375,2019-09-03 15:31:10,2024-04-02 10:08:02,294.661413,31.2192,7.55216,8894.8,1.62
1161.01,158324245,KP,1.7635881,2460556.484069,2019-08-27 16:09:25,2024-11-14 10:08:02,286.971388,46.868246,10.2306,7986.1,
1165.01,458478250,KP,2.2552845,2460352.823449,2019-08-27 16:09:25,2024-04-02 10:08:02,232.146641,66.35871,9.76703,5787.0,0.96
1198.01,203189770,KP,3.612771,2460551.040398,2019-09-03 15:31:11,2024-11-14 10:08:02,304.800032,32.581045,10.4219,8324.0,1.71
1236.01,120757718,KP,3.0300715,2459422.690639,2019-10-17 00:30:12,2023-03-15 16:02:02,286.040876,36.632536,11.0248,5242.82,0.857369
1237.01,120960812,KP,12.72038,2459781.665928,2019-10-17 00:30:12,2022-10-05 10:10:01,286.638391,39.487904,10.2768,6212.0,1.48
1237.02,120960812,KP,6.238755,2458685.409943,2022-06-02 21:17:12,2023-03-15 16:02:02,286.638391,39.487904,10.2768,6212.0,1.47768
1240.01,158170594,KP,1.7208555,2459421.32991,2019-10-17 00:30:12,2023-03-15 16:02:02,286.110305,43.680961,13.8046,5832.83,1.33402
1257.01,278348461,KP,5.4526479,2459820.977365,2019-10-17 00:30:12,2022-10-05 10:10:01,303.195436,18.104778,9.87463,6509.0,1.57
1265.01,424865156,KP,2.2047452,2460558.800568,2019-10-17 00:30:12,2024-11-14 10:08:02,292.24719,47.969543,10.0274,6532.23,1.99
1267.01,158561566,KP,6.7900981,2459425.412816,2019-10-17 00:30:12,2023-03-15 16:02:02,287.708814,47.33305,11.636,6378.0,2.00068
1271.01,286923464,KP,6.1349783,2459657.449461,2019-10-17 00:30:12,2022-05-20 10:10:02,203.509956,53.728188,7.4556,5828.7,2.05
1282.01,236445129,KP,0.9689927,2459445.892853,2019-10-17 00:30:12,2026-06-24 12:06:12,314.268523,31.661019,11.4373,6430.0,1.41398
1283.01,266593143,KP,10.338505,2460539.055031,2019-10-17 00:30:12,2024-11-05 10:08:02,324.535978,30.488188,9.7525,5336.96,0.84
1290.01,417676622,KP,5.3987355,2460551.373546,2019-10-17 00:30:12,2024-11-14 10:08:02,291.03231,49.040213,9.50898,5875.23,1.26
1300.01,293687315,KP,2.8716983,2460419.967332,2019-10-17 00:30:12,2024-11-15 16:02:02,216.523825,59.444274,9.823,6840.0,1.91
1337.01,160708862,KP,3.3448312,2460087.939719,2019-10-29 00:00:00,2025-08-29 16:00:02,227.270329,-42.704966,9.8787,9364.0,1.76
1373.01,176899385,KP,3.8529998,2460605.038813,2019-10-30 21:47:36,2025-05-02 16:00:02,354.774092,42.465987,9.995771,6893.4,1.57
1388.01,346338552,KP,4.4652986,2460606.436882,2019-10-30 21:47:37,2025-05-01 10:08:01,344.445363,38.674919,9.76031,6051.2,1.18
1407.01,69747919,KP,9.9783319,2459085.39112,2019-10-31 22:56:30,2024-09-07 10:08:02,336.576123,-18.011665,7.7275,6073.5,1.47131
1408.02,364186197,KP,2.2222094,2460479.047419,2024-09-24 23:11:45,2025-08-29 16:00:02,313.511047,72.580646,8.82374,6594.0,1.49
1419.01,311035838,KP,2.8997405,2459661.5681,2019-11-06 20:55:18,2022-07-14 10:10:02,206.094014,48.028565,10.7164,5224.0,0.82
1458.01,191284318,KP,2.7759678,2460610.063622,2019-12-05 16:42:06,2025-05-02 16:23:22,9.573034,42.463096,10.374,6140.0,1.24
1463.01,190998418,KP,2.8791023,2459856.144266,2019-12-05 16:42:06,2023-01-31 14:54:33,7.053937,42.061345,12.0401,5583.0,1.1145999
1465.01,236887394,KP,1.4200248,2459717.423096,2019-12-05 16:42:06,2023-03-15 16:02:02,303.38187,65.162331,11.8478,4910.0,0.77
1469.01,283722336,KP,3.0929386,2460606.251961,2019-12-05 16:42:06,2025-05-02 16:23:22,348.337203,57.169626,4.6278,4884.29,0.750598
1469.02,283722336,KP,6.7650398,2460599.497252,2019-12-05 16:42:06,2025-05-02 16:23:22,348.337203,57.169626,4.6278,4884.29,0.75
1476.01,432549364,KP,1.2174936,2460610.036941,2019-12-05 16:42:06,2025-05-02 16:23:22,0.362099,39.383795,10.2242,6596.04,1.46
1477.01,240681314,KP,2.7324809,2459855.931978,2019-12-05 19:37:03,2023-01-31 14:54:33,9.458744,51.288778,10.6496,6695.0,1.61271
1554.01,299158887,KP,9.4341589,2459444.896746,2019-12-06 22:17:30,2023-03-15 16:02:02,289.226288,49.548281,11.0579,5450.4,0.938168
1573.01,302773669,KP,21.216464,2460463.952965,2019-12-19 20:58:21,2024-08-29 10:08:02,42.436612,71.753088,7.6353,5925.0,1.55
1580.01,354469661,KP,4.7947749,2460633.665722,2019-12-19 20:58:21,2025-07-09 10:08:02,28.282572,52.053921,9.17925,6333.0,2.18
1599.01,129979528,KP,1.2198382,2459883.198788,2019-12-19 20:58:22,2023-02-21 16:02:01,36.712738,37.550444,7.87611,7398.5,1.60242
1603.01,73448352,KP,4.7321735,2460630.419608,2019-12-19 20:58:22,2025-07-09 10:08:02,38.308075,30.360453,10.1868,6739.0,1.56
1612.01,268403451,KP,2.8641388,2460334.805905,2019-12-19 20:58:22,2024-04-02 10:08:02,277.478075,85.233321,10.0521,6082.0,1.53
1626.01,157586003,KP,3.3326189,2459391.184996,2020-01-14 19:29:36,2023-03-15 16:02:02,279.262473,40.018691,12.0545,5768.2,1.6948299
1627.01,424435940,KP,5.0172146,2459393.375248,2020-01-14 19:29:36,2023-03-15 16:02:02,274.701253,45.172219,11.2311,5930.0,1.10013
1628.01,284475976,KP,2.1436364,2459825.459527,2020-01-14 19:29:36,2023-03-15 16:02:02,291.162386,55.473027,11.1541,6148.0,1.77061
1629.01,310003988,KP,4.5421594,2459686.204782,2020-01-14 19:29:36,2022-12-12 16:02:01,224.872859,46.9601,11.191,5939.3,1.73
1651.01,138168780,KP,3.7649949,2460474.181987,2020-01-29 22:18:55,2024-08-29 10:08:02,94.792955,73.827567,9.88278,6724.0,1.42
1676.01,8400842,KP,3.1915257,2460657.382557,2020-01-29 22:18:56,2025-08-21 15:10:09,65.469581,57.817209,9.441,6673.0,1.69
1682.01,367366318,KP,2.7347651,2460662.485202,2020-01-30 21:16:42,2025-07-23 16:00:01,78.295591,33.317953,8.14847,6767.9,1.77
1714.01,239154970,KP,3.4744763,2459603.425538,2020-02-19 23:47:12,2022-06-28 16:02:02,113.184238,33.835021,10.7131,6642.3,1.67
1720.01,356473034,KP,2.6158597,2459957.574412,2020-02-19 23:47:13,2023-02-27 10:10:02,117.026769,50.225147,10.4467,5267.0,1.08
1721.01,51234631,KP,4.1250429,2460339.400472,2020-02-19 23:47:13,2024-04-02 10:08:02,110.388028,58.268109,10.1653,6304.0,1.62
1725.01,86396382,KP,1.0914304,2458842.997159,2020-02-19 23:47:13,2024-11-26 16:02:02,97.636645,29.672266,11.0967,6154.0,1.74942
1731.01,371234684,KP,3.9228042,2459603.86508,2020-02-19 23:47:13,2022-06-28 16:02:02,110.168516,37.140595,11.7946,6193.0,1.3
1749.03,233602827,KP,2.3889051,2458684.354953,2023-03-23 19:50:15,2023-06-03 10:10:01,282.737228,64.419466,12.2574,3959.0,0.561356
1766.01,67666096,KP,2.7033942,2459635.207263,2020-03-12 15:35:30,2022-03-24 16:02:01,148.643119,40.387945,9.43351,6518.0,1.61
1767.01,8767448,KP,4.3532339,2458892.510627,2020-03-12 15:35:30,2022-03-24 10:10:02,140.102965,33.882329,9.98111,5914.0,1.59
1771.01,252479260,KP,3.2122302,2460362.105227,2020-03-12 15:35:30,2024-05-08 10:08:01,155.681459,50.128711,9.007,5357.7,1.04
1773.01,332064670,KP,0.7365463,2458870.692828,2020-03-12 15:35:30,2024-11-26 16:02:02,133.146837,28.329815,5.2058,5250.0,0.963515
1779.01,67646988,KP,1.8817191,2459633.119867,2020-03-12 15:35:30,2022-06-30 10:10:02,147.768528,35.968556,12.4368,3138.0,0.31
1780.01,99834717,KP,1.7063264,2459632.745042,2020-03-12 15:35:30,2022-06-30 10:10:02,165.167198,64.963845,12.212,4974.0,0.9
1781.01,137881699,KP,2.9720774,2459633.496924,2020-03-12 15:35:30,2022-06-30 10:10:02,150.572626,53.950824,12.5119,6101.12,1.95
1796.01,138819293,KP,2.6438856,2459639.963332,2020-04-15 12:38:54,2022-07-14 10:10:02,175.550536,26.703067,8.40346,3456.0,0.425432
1800.01,17993892,KP,4.1244833,2459632.338336,2020-04-15 12:38:54,2022-07-07 16:02:02,171.274935,41.028021,11.1065,5634.0,1.26
1809.01,347329162,KP,4.6170519,2459659.915254,2020-04-15 12:38:54,2022-07-14 10:10:02,183.36604,23.055687,11.5384,5797.0,1.11
1810.01,373693175,KP,1.3273482,2459662.70189,2020-04-15 12:38:54,2022-07-14 10:10:02,188.266205,44.915367,11.6281,5555.05,1.07
1821.01,82308728,KP,9.4893231,2459664.085255,2020-04-17 11:50:39,2022-08-16 10:10:01,168.637658,25.710596,6.9859,5120.0,0.77
1833.01,61098812,KP,3.6935997,2459684.730994,2020-05-07 18:04:46,2022-12-12 16:02:01,205.454246,-0.128171,9.87229,6097.47,1.78076
1838.01,162689341,KP,2.1747062,2459717.232201,2020-05-07 18:04:46,2023-03-15 16:02:02,246.69204,51.041133,12.423,6046.76,1.2561899
1840.01,165987272,KP,7.8456075,2459658.642419,2020-05-07 18:04:46,2022-05-20 10:10:02,195.981836,30.640145,9.8469,6266.0,1.65
1841.01,168699373,KP,4.3011975,2459688.443452,2020-05-07 18:04:46,2022-09-08 10:10:02,213.14386,47.014783,12.4474,5115.16,1.03
1844.01,198108326,KP,3.2130578,2459685.398095,2020-05-07 18:04:46,2022-09-08 10:10:02,209.388645,43.49331,11.7551,4652.87,0.7
1847.01,54002556,KP,35.4557945,2459099.821541,2020-05-08 14:39:00,2024-10-18 10:08:02,23.52145,-14.419149,11.6235,5076.0,0.83
1864.01,229791084,KP,1.6453265,2459766.543741,2020-05-29 16:35:30,2022-10-05 10:10:01,284.443905,69.570837,12.2856,6023.0,1.32
1900.01,178879588,KP,3.0566277,2459145.468004,2020-05-29 17:45:53,2021-12-01 16:02:01,67.418582,-28.197215,13.2554,5735.0,1.03865
1901.01,19684256,KP,1.3666563,2459278.312088,2020-05-29 17:45:53,2021-10-29 12:59:15,140.087589,-31.269212,13.1758,5790.4,1.02
1902.01,272212970,KP,1.6091845,2459332.042845,2020-05-29 17:45:53,2023-01-24 16:02:02,180.208788,-46.13642,13.174,6393.0,1.43
1903.01,77156657,KP,3.8404319,2459196.572151,2020-05-29 17:45:53,2021-12-08 16:02:02,68.136479,-38.968297,11.8831,5909.0,2.04
1904.01,272213425,KP,4.3247708,2459327.622593,2020-05-29 17:45:53,2023-01-25 10:10:01,180.165072,-45.799456,11.1138,6457.0,2.13
1905.01,429302040,KP,5.72226,2458574.14194,2020-05-29 17:45:53,2023-03-19 12:03:21,188.386428,-10.146214,10.418,4233.2,0.73
1906.01,308098254,KP,9.6246665,2459299.07674,2020-05-29 17:45:53,2021-11-11 10:10:01,168.292908,-17.657779,11.5688,5473.0,1.2
1907.01,453789494,KP,5.4774433,2459354.693899,2020-05-29 17:45:53,2022-10-05 10:10:01,199.433742,-47.237575,10.7316,6942.0,2.09
1908.01,37718056,KP,3.65688,2458384.09392,2020-05-29 17:45:53,2021-10-29 12:59:15,4.146347,-10.976423,11.7083,6239.0,1.53
1909.01,232038798,KP,4.1536624,2459252.138447,2020-05-29 17:45:53,2021-10-29 12:59:15,96.744643,-46.821364,11.3187,5818.8,1.09
1910.01,437261733,KP,5.4161129,2459296.222791,2020-05-29 17:45:53,2021-11-11 10:10:01,170.324325,-22.388177,13.2958,5652.0,1.1
1911.01,44745133,KP,7.8181434,2459166.297772,2020-05-29 17:45:53,2021-10-29 12:59:15,61.657801,-25.349667,12.5757,5549.0,1.64
1912.01,50712784,KP,5.4053583,2459249.035676,2020-05-29 17:45:53,2021-10-29 12:59:15,126.337825,-11.500989,10.5579,6410.0,1.59
1913.01,53458803,KP,3.3489038,2459252.258036,2020-05-29 17:45:53,2021-10-29 12:59:15,102.847425,-29.058655,11.8656,5711.0,1.2295901
1914.01,53750200,KP,4.1933422,2459232.244495,2020-05-29 17:45:53,2021-10-29 12:59:15,103.517356,-27.050416,12.2309,6405.0,1.6277601
1915.01,98283926,KP,2.2920348,2459253.248463,2020-05-29 17:45:53,2021-10-29 12:59:15,108.452399,-33.437346,13.1472,6208.0,1.26526
1916.01,98545929,KP,1.888231,2459251.405758,2020-05-29 17:45:53,2024-01-31 16:02:01,109.104521,-31.244395,12.4539,8549.0,2.12128
1917.01,339522221,KP,1.82069,2458655.29768,2020-05-29 17:45:53,2021-10-29 12:59:15,296.688442,-63.565649,12.0457,6155.0,1.35
1919.01,102192004,KP,4.2337078,2459328.761216,2020-05-29 17:45:53,2023-01-24 16:02:02,195.794015,-41.384862,11.3287,6333.7,1.46
1920.01,363851359,KP,2.5441537,2459331.95356,2020-05-29 17:45:53,2023-01-24 16:02:02,200.634864,-44.688839,13.2755,5652.0,1.31
1921.01,112099249,KP,5.17958,2458604.17084,2020-05-29 17:45:53,2021-10-29 12:59:15,209.51701,-30.348153,12.1577,6116.0,1.65
1922.01,112604564,KP,4.5768651,2459233.316814,2020-05-29 17:45:53,2021-10-29 12:59:15,112.419225,-29.937916,12.3213,6687.0,1.78295
1923.01,114299824,KP,4.2042078,2459229.337707,2020-05-29 17:45:53,2025-06-04 16:00:01,114.283382,-32.755419,12.9264,6781.0,1.07
1924.01,371443216,KP,2.8240691,2459358.688506,2020-05-29 17:45:53,2022-10-05 10:10:01,147.580067,-66.113925,8.0552,8004.2,1.84
1925.01,118956453,KP,2.3447752,2459279.602393,2020-05-29 17:45:53,2021-10-29 12:59:15,135.416303,-20.720369,11.9397,5515.0,1.04
1926.01,143143769,KP,1.3372349,2459175.372553,2020-05-29 17:45:53,2021-12-09 10:10:02,89.598895,-30.811799,12.3686,5111.9,0.860256
1927.01,14344979,KP,4.1117731,2459255.860453,2020-05-29 17:45:53,2024-11-26 16:02:02,163.788852,-0.737066,12.3353,5424.8,0.916164
1928.01,207077681,KP,2.278575,2459061.944577,2020-05-29 17:45:53,2021-10-29 12:59:15,320.762876,-40.048439,12.3119,4879.0,1.21163
1929.01,157266693,KP,3.8537616,2459329.357403,2020-05-29 17:45:53,2021-11-11 10:10:01,176.628323,-33.860076,13.1648,5697.0,1.06
1930.01,160578764,KP,2.8786641,2459355.488108,2020-05-29 17:45:53,2022-10-05 10:10:01,223.658719,-38.744547,12.1014,6017.0,1.35
1931.01,162922904,KP,3.8186276,2459331.431765,2020-05-29 17:45:53,2021-11-11 10:10:01,171.845053,-44.088703,12.0233,6090.0,2.03
1932.01,386259537,KP,5.6107737,2459228.937203,2020-05-29 17:45:53,2021-10-29 12:59:15,127.38723,-12.944768,11.3299,6013.5,2.21327
1933.01,172598832,KP,3.2633165,2459201.975798,2020-05-29 17:45:53,2021-10-29 12:59:15,100.571247,-29.77678,12.941,6561.0,2.08347
1934.01,125739286,KP,4.5111234,2459351.553003,2020-05-29 17:45:53,2022-10-05 10:10:01,215.122762,-31.20207,10.5288,6540.6,1.71
1935.01,176685457,KP,4.4352884,2459272.947539,2020-05-29 17:45:53,2021-10-29 12:59:15,141.920643,-19.347648,12.2682,6245.0,1.38
1936.01,178289267,KP,2.3506186,2459167.711102,2020-05-29 17:45:53,2021-10-29 12:59:15,60.948278,-19.056818,11.7076,5593.0,0.97
2011.01,136916387,KP,11.5778362,2458631.767617,2020-06-17 20:50:03,2024-01-31 16:02:01,230.440115,-48.318817,5.0494,5739.0,1.02607
2011.02,136916387,KP,27.5920718,2458650.89757,2022-04-20 20:30:04,2024-01-31 16:02:01,230.440115,-48.318817,5.0494,5739.0,1.02607
2011.03,136916387,KP,,2460081.126376,2024-02-01 23:06:59,2024-02-16 10:08:02,230.440115,-48.318817,5.0494,5739.0,1.02607
2012.01,138294130,KP,3.0565259,2459716.992394,2020-06-19 06:00:39,2022-09-02 16:02:01,229.99122,36.229545,10.6506,5981.0,1.6
2014.01,198588220,KP,4.8099755,2460497.317355,2020-06-19 06:00:39,2024-09-04 10:08:02,256.610728,44.776885,9.63331,6417.0,2.65
2020.01,39903405,KP,5.633477,2460477.275907,2020-06-19 06:00:39,2024-08-29 10:08:02,245.151432,41.04796,8.27468,6412.8,1.7
2021.01,236312126,KP,3.9415041,2459713.291648,2020-06-19 06:00:39,2022-09-02 16:02:01,240.549275,28.169625,10.5484,5729.0,0.92
2024.01,255930614,KP,2.8758831,2460476.023499,2020-06-19 06:00:40,2024-08-29 10:08:02,247.622983,38.347535,7.6262,6084.0,1.46
2064.01,115524421,KP,8.8036803,2459735.852814,2020-06-19 07:20:04,2023-03-15 16:02:02,254.130502,44.302536,11.5906,5701.0,0.94
2122.01,311408969,KP,3.5852284,2459767.525934,2020-07-29 05:13:33,2023-03-15 16:02:02,264.27351,25.731147,12.658,5852.0,1.06725
2124.01,159742538,KP,3.5539283,2459767.927156,2020-07-29 05:13:33,2023-03-15 16:02:02,268.304336,37.21174,11.1116,6184.0,2.0085199
2125.01,116242971,KP,5.0316347,2460505.171214,2020-07-29 05:13:33,2026-07-27 12:04:29,267.640491,36.570176,10.1213,6350.0,2.16
2126.01,116264089,KP,1.306188,2459391.063502,2020-07-29 05:13:33,2023-03-15 16:02:02,268.029111,37.546327,11.7213,5489.0,0.820181
2127.01,21744120,KP,5.5080682,2458983.744992,2020-07-29 05:13:34,2021-10-29 12:59:15,256.346376,33.012325,11.733,4790.0,0.740113
2129.01,101721385,KP,4.627664,2459762.100336,2020-07-29 05:13:34,2022-08-23 16:02:02,260.116172,38.242168,9.54417,6727.6,1.55
2130.01,320798691,KP,5.0052605,2459010.827728,2020-08-07 21:59:53,2023-03-15 16:02:02,271.537672,26.426606,11.0269,6115.0,1.46701
2131.01,27848472,KP,1.8468345,2460338.136034,2020-08-07 21:59:53,2024-04-02 10:08:02,278.631741,35.661431,10.1058,6352.0,1.36
2132.01,358516596,KP,3.2440454,2459391.154184,2020-08-07 21:59:53,2026-06-10 12:04:06,283.305449,24.127248,10.2025,5703.0,1.38951
2135.01,76419763,KP,2.7884723,2459414.394742,2020-08-07 21:59:54,2023-03-15 16:02:02,274.405533,36.621462,11.3998,5833.0,1.12956
2139.01,308172249,KP,1.4013784,2459768.65359,2020-08-07 21:59:54,2023-03-15 16:02:02,267.284885,29.879043,12.4197,4984.0,0.934977
2140.01,399860444,KP,2.4706114,2459012.510963,2020-08-07 21:59:54,2023-03-15 16:02:02,286.808526,49.316421,10.854,5854.0,1.01613
2175.01,405717754,KP,4.4379727,2459770.377734,2020-08-10 18:29:44,2023-03-15 16:02:02,286.243446,50.040367,12.9614,5967.0,1.5696599
2176.01,123495874,KP,7.8914271,2459776.680872,2020-08-10 18:29:44,2023-03-15 16:02:02,282.629633,46.323281,12.9934,5883.0,1.27992
2177.01,123233041,KP,3.5224751,2459445.304166,2020-08-10 18:29:44,2023-03-15 16:02:02,281.288134,42.451098,13.1448,6179.0,1.5817
2178.01,164892194,KP,3.024111,2459392.686784,2020-08-10 18:29:44,2023-03-15 16:02:02,285.240829,46.668241,13.4633,6041.0,1.36388
2182.01,268823307,KP,3.5484481,2459444.706868,2020-08-10 18:29:44,2023-03-15 16:02:02,299.407034,44.035039,12.7655,6295.0,1.78185
2197.01,389352124,KP,4.954648,2460148.5999,2020-09-18 16:26:01,2023-10-16 16:02:02,311.042756,-39.225486,9.0532,6562.0,1.47
2198.01,100566492,KP,4.9549631,2459040.905327,2020-09-18 16:26:02,2021-10-29 12:59:15,309.511234,-48.462083,11.117,6282.4,1.99207
2199.01,369455629,KP,3.3771114,2459038.510574,2020-09-18 16:26:02,2021-10-29 12:59:15,311.673345,-41.820983,11.4513,5614.86,1.28017
2204.01,467971286,KP,2.2250514,2459037.141234,2020-09-18 16:26:02,2021-10-29 12:59:15,289.297427,-60.89176,13.191,5103.0,0.883426
2206.01,381856447,KP,1.7690121,2459037.77354,2020-09-18 16:26:02,2021-10-29 12:59:15,322.253764,-58.836147,10.7218,4683.0,0.701795
2319.02,349488688,KP,11.6207544,2458994.287456,2023-08-15 20:53:17,2023-08-18 12:03:17,253.784885,20.491524,8.40302,6329.0,1.39619
2330.01,180991313,KP,2.2088214,2459329.30801,2020-10-23 19:58:26,2021-11-11 10:10:01,172.858645,-41.689518,11.8699,5960.4,1.26
2380.01,176220787,KP,5.2153618,2459092.524257,2020-11-06 18:59:45,2024-11-27 10:08:01,0.325761,-8.926251,9.4834,6067.2,2.3901401
2386.01,32487566,KP,2.7567395,2459090.383107,2020-11-06 18:59:46,2021-10-29 12:59:15,4.603042,-15.267404,10.5853,6034.0,1.28427
2403.01,293435336,KP,1.8098811,2460985.484461,2020-11-24 20:55:49,2026-03-04 16:00:01,26.632936,2.700389,9.02706,6278.2,1.89121
2414.01,237320326,KP,1.7771109,2459062.739359,2020-11-25 21:26:32,2021-10-29 12:59:15,344.873588,-60.447819,12.003,5627.0,0.97906
2461.01,411839167,KP,6.1802614,2459175.327301,2021-02-03 22:59:12,2024-11-26 16:02:02,78.91982,16.278699,10.8243,6513.0,1.73931
2464.01,32949762,KP,3.7684981,2459222.681031,2021-02-03 22:59:12,2021-10-29 12:59:15,87.679561,-27.623322,12.3352,5160.0,0.87
2466.01,293612446,KP,2.6266983,2459493.9445,2021-02-03 22:59:13,2024-01-17 10:08:02,76.867332,16.867695,12.0364,6475.0,1.77
2502.01,52689469,KP,3.1413825,2459202.042637,2021-02-19 00:37:59,2021-12-02 16:02:01,101.394805,-33.881692,13.6373,6534.0,1.73409
2503.01,124778445,KP,1.6751568,2459203.395868,2021-02-19 00:37:59,2021-10-29 12:59:15,94.444759,-35.706364,13.9819,5457.0,0.963518
2547.01,444013020,KP,2.3114203,2459228.794258,2021-03-11 23:41:58,2024-11-26 16:02:02,133.324298,8.523017,11.302,5785.79,1.07008
2548.01,350293646,KP,8.5234958,2459985.304174,2021-03-11 23:41:58,2023-03-10 16:02:01,131.106996,1.859893,10.0471,5238.0,0.84
2579.01,103751498,KP,3.7146478,2459600.117319,2021-03-18 22:24:56,2022-06-28 16:02:02,157.412341,70.527083,10.9101,5783.0,1.32
2604.01,189625051,KP,4.9088819,2460720.074783,2021-04-12 18:45:51,2025-08-29 16:00:02,144.287609,-29.800444,12.487,6606.0,2.09179
2642.01,448589187,KP,3.0652926,2459304.823271,2021-04-29 22:53:08,2021-11-09 16:02:01,166.3188,-34.122745,12.3077,6229.0,1.22
2643.01,152852327,KP,9.1720535,2459562.250418,2021-04-29 22:53:08,2025-08-29 16:00:02,182.166267,-8.747217,11.0295,4933.0,3.79
2707.01,455036659,KP,4.007232,2459194.067914,2021-06-03 21:39:01,2025-08-29 16:00:02,68.974396,2.431273,12.1569,6202.0,1.75
3422.01,286099128,KP,3.7788779,2459964.344071,2021-06-16 22:56:31,2024-09-07 10:08:02,140.84562,2.932484,12.239,5817.7,1.02896
3497.01,21113347,KP,4.218076,2459310.816804,2021-06-21 18:48:11,2025-08-29 16:00:02,186.787304,-48.978411,11.4007,5780.0,1.0
3534.01,27916356,KP,3.2346944,2459421.606981,2021-06-23 15:11:39,2024-09-06 10:08:02,296.837248,48.239969,12.6877,5613.0,1.3147399
3563.01,169461816,KP,17.8552322,2459800.506508,2021-06-23 15:11:42,2024-09-08 10:08:02,297.45374,41.011019,10.931,6779.2,1.49114
3595.01,440113053,KP,1.805376,2459854.762356,2021-06-23 15:16:38,2024-09-07 10:08:02,4.859275,44.027596,12.8416,5090.0,0.820538
3597.01,267650535,KP,4.0088245,2459853.969135,2021-06-23 15:16:39,2024-09-08 10:08:02,9.516583,34.711402,11.9475,5007.0,0.795696
3612.01,233948455,KP,1.4822451,2459854.418388,2021-06-23 15:16:41,2024-08-22 10:08:01,305.221945,59.448903,12.883,5115.0,0.91
3630.01,189380158,KP,1.9617969,2460611.886686,2021-06-23 15:16:43,2025-08-29 16:00:02,21.871101,38.968114,13.0942,6026.0,1.09703
3636.01,61205803,KP,4.2186625,2459855.36278,2021-06-23 15:16:44,2024-09-08 10:08:02,21.065125,32.8107,12.7628,5425.9,1.0068901
3666.01,346626688,KP,4.4085194,2459886.331856,2021-06-23 15:17:49,2024-09-08 10:08:02,44.470988,30.625597,11.4453,5961.2,1.2983299
3681.01,285272237,KP,4.6401269,2459886.284961,2021-06-23 15:17:51,2024-09-08 10:08:02,35.383494,32.246044,11.7524,5191.0,1.00936
3705.01,259506033,KP,1.9025032,2460286.170903,2021-06-23 15:18:23,2024-09-08 10:08:02,75.480167,50.131178,12.3824,5464.2,1.02592
3846.01,149918151,KP,1.540776,2459632.94338,2021-06-23 15:20:59,2024-08-22 10:08:01,160.748095,60.964119,12.9178,4234.0,0.77
4304.01,366443426,KP,15.5718552,2460266.657375,2021-07-19 00:13:44,2024-02-01 16:02:02,126.615828,10.080371,8.4642,6352.33,1.31
4304.03,366443426,KP,31.7180208,2458494.909195,2022-04-20 20:40:07,2024-11-26 16:02:02,126.615828,10.080371,8.4642,6352.33,1.30883
4316.01,7020254,KP,20.2730282,2460238.657358,2021-07-19 00:13:44,2024-01-17 10:08:02,126.5535,12.281851,12.7462,5742.0,0.86
4411.01,366484980,KP,13.7748361,2460236.627901,2021-08-27 01:10:52,2024-01-17 10:08:02,126.896827,11.667413,9.15722,6266.98,1.47
4426.01,271354351,KP,3.905126,2459422.126663,2021-09-09 19:53:43,2023-03-15 16:02:02,294.865467,46.285813,14.5787,5381.0,0.947475
4428.01,271042217,KP,1.8555745,2459770.501306,2021-09-09 19:53:43,2023-03-15 16:02:02,294.513246,45.981645,13.9174,5651.75,1.40959
4431.01,121660904,KP,4.8854844,2459422.843797,2021-09-09 19:53:44,2023-03-15 16:02:02,288.581493,41.089734,12.4532,5974.0,2.0812199
4434.01,63452790,KP,2.6843081,2459392.813554,2021-09-09 19:53:44,2023-03-15 16:02:02,292.855719,46.391188,13.814,5616.02,1.01895
4435.01,122596693,KP,3.5256535,2459420.667731,2021-09-09 19:53:44,2023-03-15 16:02:02,290.581743,40.577311,14.6147,5003.05,0.783768
4440.01,164786087,KP,4.0822894,2459391.084226,2021-09-09 19:53:45,2023-03-15 16:02:02,284.830443,44.658093,14.6979,5780.0,
4445.01,158388163,KP,4.2253498,2459394.539688,2021-09-09 19:53:45,2023-03-15 16:02:02,287.130578,42.350153,13.4584,5501.0,1.03122
4446.01,137899948,KP,2.4552388,2459420.803667,2021-09-09 19:53:45,2023-03-15 16:02:02,292.872929,41.064173,14.9826,3792.0,0.614823
4448.01,138359318,KP,1.0186989,2459769.924018,2021-09-09 19:53:45,2023-03-15 16:02:02,293.732783,36.815494,14.956,5780.0,
4454.01,48217457,KP,3.1208396,2459422.76782,2021-09-09 19:53:46,2023-03-15 16:02:02,282.966215,48.345055,14.3168,5983.0,1.09921
4455.01,138644215,KP,1.5449334,2459420.580429,2021-09-09 19:53:46,2023-03-15 16:02:02,294.192119,39.618973,12.8939,6136.25,1.4874001
4456.01,27774415,KP,4.9427985,2459422.773399,2021-09-09 19:53:46,2023-03-15 16:02:02,296.200551,49.14003,13.2394,5550.93,1.32567
4457.01,299220166,KP,3.2175184,2459770.385346,2021-09-09 19:53:46,2023-03-15 16:02:02,289.434667,49.473455,14.3258,5549.0,0.912927
4466.01,268604331,KP,5.0141991,2459799.901292,2021-10-07 00:18:57,2023-03-15 16:02:02,299.097517,43.497585,13.3926,6669.0,1.69675
4467.01,48506505,KP,7.7942155,2459420.812052,2021-10-07 00:18:57,2023-03-15 16:02:02,285.268528,48.559884,11.8933,5461.54,0.897403
4469.01,75262942,KP,2.6634154,2459421.462837,2021-10-07 00:18:57,2023-03-15 16:02:02,299.050641,17.569963,14.1959,4051.0,0.701369
4470.01,256364928,KP,2.2185748,2459770.410421,2021-10-07 00:18:57,2023-03-15 16:02:02,300.182122,22.709776,6.8481,5023.0,0.776484
4471.01,27318774,KP,3.2432488,2459422.907793,2021-10-07 00:18:58,2023-03-15 16:02:02,294.996342,50.470046,14.4394,5778.0,1.09304
4472.01,63211674,KP,8.6004516,2459422.501343,2021-10-07 00:18:58,2023-03-15 16:02:02,292.287301,43.197254,13.1981,6011.95,2.3108399
4473.01,122441491,KP,3.7970076,2459420.412953,2021-10-07 00:18:58,2023-03-15 16:02:02,290.357978,40.567697,14.148,5211.36,0.832631
4474.01,264508014,KP,3.3119026,2459422.509996,2021-10-07 00:18:58,2023-03-15 16:02:02,298.62498,48.57745,13.692,5355.0,1.09206
4475.01,159098316,KP,3.578757,2459422.607769,2021-10-07 00:18:58,2023-03-15 16:02:02,289.607943,44.345435,13.4231,5482.59,1.06062
4476.01,399794420,KP,1.5947535,2459421.077646,2021-10-07 00:18:58,2023-03-15 16:02:02,285.213819,39.027466,15.0236,5703.0,1.15986
4480.01,377873569,KP,3.8493846,2459771.442186,2021-10-07 00:18:59,2023-03-15 16:02:02,294.356556,38.947342,11.0418,5843.47,3.9119101
4482.01,27990610,KP,2.8164979,2459772.312716,2021-10-07 00:18:59,2023-03-15 16:02:02,297.015464,49.225299,14.4889,5413.0,1.0130399
4483.01,209752908,KP,1.752217,2459420.283409,2021-10-07 00:18:59,2023-03-15 16:02:02,297.790921,16.912568,15.1403,4355.0,0.740712
4485.01,137903329,KP,7.3405675,2459423.155978,2021-10-07 00:18:59,2023-03-15 16:02:02,293.092528,41.35551,13.9154,5828.81,1.4372801
4486.01,99224131,KP,2.6915408,2460558.071975,2021-10-07 00:19:00,2024-11-05 10:08:02,305.441329,26.692676,9.93225,6955.0,1.96
4488.01,269269546,KP,4.45417,2459798.529256,2021-10-07 00:19:00,2023-03-15 16:02:02,299.905917,45.43961,14.3945,5353.54,0.922087
4489.01,267572272,KP,2.7974757,2459911.038989,2021-10-07 00:19:00,2023-03-15 16:02:02,284.296039,51.269121,12.7678,5477.0,0.867368
4490.01,268924036,KP,2.0523417,2459421.60304,2021-10-07 00:19:00,2023-03-15 16:02:02,299.561868,43.503517,14.7344,5767.0,1.16875
4512.01,243014114,KP,19.5620458,2459450.83655,2021-10-21 22:56:06,2024-11-25 16:02:01,60.792973,16.347166,11.2723,4246.8,0.758892
4514.01,436875934,KP,2.7535993,2459883.369678,2021-10-21 22:56:07,2023-03-22 16:02:02,42.721741,29.022249,13.1361,5032.08,0.86
4516.01,85593751,KP,3.7224626,2459885.541633,2021-10-21 22:56:07,2023-03-10 10:10:02,47.368947,30.673382,10.9332,4926.0,0.82064
4517.01,301289516,KP,1.2089755,2460231.733831,2021-10-21 22:56:07,2023-12-14 16:02:02,351.771776,-1.285343,9.0684,4199.0,0.63
4518.01,398572544,KP,3.408833,2460229.806391,2021-10-21 22:56:07,2023-12-14 16:02:02,353.616269,-1.579985,11.6238,6134.0,1.11
4520.01,404243877,KP,3.2047072,2460227.357032,2021-10-21 22:56:07,2023-12-14 16:02:02,347.704316,-7.857559,13.1749,5342.0,
4521.01,439842788,KP,3.0717182,2459450.367505,2021-10-21 22:56:07,2023-03-15 16:02:02,334.796989,-1.83443,11.4825,5082.0,0.848394
4523.01,427332229,KP,2.7186256,2459498.195167,2021-10-21 22:56:08,2022-09-21 10:10:02,3.961707,1.200512,11.021,6427.0,1.03
4525.01,36592530,KP,2.4841975,2460229.465961,2021-10-21 22:56:08,2023-12-14 16:02:02,342.385899,-10.675469,10.931,6089.0,1.28
4526.01,39926974,KP,2.2604346,2459448.652065,2021-10-21 22:56:08,2026-01-10 10:08:01,335.623315,-7.956353,13.3455,3236.0,0.341024
4530.01,35022727,KP,3.6528112,2459450.646766,2021-10-21 22:56:08,2024-11-25 16:02:01,48.435473,25.197355,12.2192,5610.0,0.907682
4531.01,262662119,KP,4.53347,2459450.126596,2021-10-21 22:57:21,2024-11-27 10:08:01,349.063465,0.30669,12.1796,5846.0,1.1971
4532.01,376939759,KP,5.8176452,2460231.88252,2021-10-21 22:57:22,2023-12-14 16:02:02,19.449382,6.868847,13.0121,5633.4,1.22
4533.01,418761354,KP,2.1747824,2459494.881247,2021-10-21 22:57:22,2023-12-14 16:02:02,11.480235,6.34703,11.375,4542.0,0.71
4534.01,437704321,KP,2.8492802,2459448.05066,2021-10-21 22:57:22,2026-01-10 10:08:01,333.751879,-17.2508,12.3071,4279.0,0.74
4535.01,26017005,KP,4.0984741,2459449.120055,2021-10-21 22:57:22,2024-11-26 16:02:02,52.342055,22.299349,12.5489,5198.0,1.0639499
4536.01,380907135,KP,4.0460644,2460226.955884,2021-10-21 22:57:22,2023-12-14 16:02:02,19.550586,2.702785,10.5559,6404.0,1.81
4538.01,262715204,KP,7.1385672,2460228.758602,2021-10-21 22:57:23,2023-12-14 10:08:02,349.384346,1.300152,11.2451,5144.5,0.77
4538.02,262715204,KP,3.4715644,2459447.897021,2021-10-21 22:57:22,2026-01-10 10:08:01,349.384346,1.300152,11.2451,5144.5,0.77
4538.03,262715204,KP,10.4534748,2459449.16923,2026-01-15 22:11:47,2026-02-01 12:04:04,349.384346,1.300152,11.2451,5144.5,0.77
4539.01,102264230,KP,4.1591512,2459449.352847,2021-10-21 22:57:23,2026-01-10 10:08:01,331.203092,-12.019067,11.29,5576.0,1.11
4544.01,435339847,KP,8.2000875,2458440.219543,2021-10-21 22:57:23,2024-11-25 10:08:02,55.228521,12.572448,11.2867,4865.6,0.793476
4545.01,610976842,KP,4.0248735,2460228.933083,2021-10-21 22:57:24,2023-12-07 10:08:02,19.610142,6.816728,12.813,4492.0,0.75
4547.01,206284139,KP,3.0026495,2460825.442997,2021-10-21 22:57:24,2026-01-10 10:08:01,338.606231,-13.731804,12.1112,5630.0,1.45
4570.01,137402055,KP,1.9737719,2459391.459891,2021-11-01 23:15:38,2023-03-15 16:02:02,292.068311,38.8422,15.0523,4664.23,0.697971
4571.01,48451130,KP,30.3599812,2459413.718798,2021-11-01 23:15:39,2023-03-15 16:02:02,284.879979,49.26702,13.7589,4815.0,0.795118
4577.01,138364831,KP,1.6255124,2459391.112176,2021-11-01 23:15:42,2023-03-15 16:02:02,293.871914,38.422918,14.4669,5483.74,1.04426
4579.01,27769688,KP,88.495683,2458733.312542,2021-11-01 23:15:43,2023-03-15 16:02:02,296.132814,48.97731,11.3523,5509.61,0.939951
4581.01,273231214,KP,22.3428773,2458719.361769,2021-11-01 23:15:44,2023-03-16 10:10:02,297.333072,41.891119,11.7889,6184.0,1.42864
4581.02,273231214,KP,,2459774.45043,2022-12-01 22:52:54,2022-12-10 12:03:03,297.333072,41.891119,11.7889,6184.0,1.42864
4584.01,120255950,KP,31.5786847,2459399.639202,2021-11-01 23:15:46,2023-03-15 16:02:02,284.472247,39.911889,10.6114,5696.0,1.05178
4587.01,137683938,KP,3.2903136,2459393.659836,2021-11-01 23:15:47,2025-04-17 12:03:11,292.579856,37.376262,14.5505,3579.0,0.567309
4589.01,164458714,KP,17.8335899,2460364.345637,2021-11-01 23:15:48,2024-05-17 10:08:01,283.151045,45.140084,9.03131,6304.0,1.43
4592.01,122785299,KP,8.8849511,2459392.140389,2021-11-01 23:15:50,2023-03-15 16:02:02,291.13762,36.577344,14.575,5160.0,0.977054
4593.01,399954349,KP,7.8344688,2458689.578278,2021-11-01 23:15:50,2023-03-15 16:02:02,287.605703,49.523394,11.6052,4837.0,0.731146
4593.02,399954349,KP,3.0051929,2458684.471974,2023-03-23 19:50:43,2023-03-26 12:03:24,287.605703,49.523394,11.6052,4837.0,0.731146
4595.01,159725995,KP,3.7705865,2459394.278533,2021-11-01 23:15:51,2023-03-15 16:02:02,291.275663,47.329511,14.9767,5897.0,1.38188
4604.01,27039476,KP,2.2251639,2460257.717716,2021-11-02 00:11:47,2024-04-24 10:08:02,76.44594,21.548199,9.3928,5509.0,0.92
4606.01,68577662,KP,11.1684037,2459522.948827,2021-11-02 00:11:48,2024-01-17 10:08:02,73.766793,18.654323,9.31437,5981.0,1.22
4612.01,97735908,KP,4.1137862,2460257.044778,2021-11-09 21:10:05,2024-01-04 16:02:02,92.664023,30.957133,8.22398,6327.0,1.88
4618.01,284326455,KP,3.7998536,2459475.981707,2021-11-09 21:10:49,2024-11-25 16:02:01,99.897992,25.482401,12.2341,4133.4,0.759375
4621.01,293457754,KP,4.5195089,2459451.521141,2021-11-09 21:10:51,2024-11-25 16:02:01,26.793225,3.132932,12.3553,5887.0,1.0321
4623.01,56399553,KP,3.2588316,2459475.969231,2021-11-09 21:10:52,2024-11-26 16:02:02,62.670422,24.401656,11.5476,5387.06,0.817114
4624.01,84339983,KP,2.7908285,2459475.610373,2021-11-09 21:10:52,2024-11-26 16:02:02,100.848014,27.252182,10.5136,6635.91,1.4707
4628.01,404421005,KP,6.32668,2458575.158194,2021-11-19 00:07:17,2025-08-29 16:00:02,202.01619,-15.937975,9.66562,5673.0,0.975383
4648.01,257774438,KP,15.3886607,2459461.181123,2021-12-03 00:56:02,2024-11-25 10:08:02,16.46252,11.753717,8.97055,6101.0,1.0623
4916.01,454069765,KP,4.1197036,2459326.617962,2021-12-21 22:36:58,2024-08-22 10:08:01,176.240233,-38.139716,12.1137,5848.8,1.79
5065.01,243244680,KP,19.4921473,2459575.851873,2022-01-06 23:39:34,2024-02-01 16:02:02,136.574193,19.402057,9.66896,6128.0,1.36
5067.01,117275513,KP,4.6886342,2460276.929305,2022-01-06 23:39:35,2024-02-02 10:08:02,130.878348,24.422956,11.7421,4954.0,0.87
5068.01,366631954,KP,4.7369669,2460277.077587,2022-01-06 23:39:35,2024-02-02 10:08:02,130.180046,10.982951,11.1704,5069.2,0.79
5071.01,307733361,KP,1.6739029,2460284.308584,2022-01-06 23:39:37,2024-02-02 10:08:02,129.601086,20.106007,10.0121,6115.5,1.22
5072.01,7059054,KP,5.185768,2460255.017005,2022-01-06 23:39:37,2024-01-17 10:08:02,126.936662,17.579327,12.244,4664.8,0.65
5074.01,6893917,KP,3.0801795,2459502.394945,2022-01-06 23:39:38,2024-11-26 16:02:02,125.617407,13.735309,9.02097,7511.0,1.70169
5080.01,17409453,KP,9.72665,2460243.190501,2022-01-06 23:39:41,2023-12-14 16:02:02,66.236364,18.827362,12.9285,5583.6,1.45
5081.01,203214138,KP,5.1699026,2460280.381301,2022-01-06 23:39:41,2024-02-01 16:02:02,134.69028,20.868979,10.5649,6283.4,1.48
5083.01,5882269,KP,4.7948642,2460251.750696,2022-01-06 23:39:42,2024-01-17 10:08:02,79.140797,20.254903,12.0394,4072.0,0.65
5086.01,178217113,KP,2.9956366,2460256.812967,2022-01-06 23:39:44,2024-01-17 10:08:02,127.578723,22.235919,11.0514,6135.5,1.4
5087.01,18310799,KP,17.3070631,2460253.01276,2022-01-06 23:39:44,2024-07-17 12:02:46,67.412861,22.882567,10.1192,4230.6,0.77
5089.01,330687113,KP,5.113835,2459503.123608,2022-01-06 23:46:11,2024-11-25 16:02:01,136.489426,16.325515,10.999,6315.7,1.50876
5090.01,184892124,KP,1.9828041,2459500.669114,2022-01-06 23:46:12,2024-11-26 16:02:02,130.664165,19.41436,16.0573,3213.0,0.293047
5093.01,63189173,KP,2.2984058,2459501.001669,2022-01-06 23:46:13,2024-11-26 16:02:02,118.48315,23.938219,12.8033,4221.54,0.794584
5094.01,19028197,KP,3.3366511,2459500.53574,2022-01-06 23:46:14,2024-11-26 16:02:02,119.773502,15.391209,10.2479,3552.0,0.499698
5095.01,434226736,KP,3.4845543,2459501.775176,2022-01-06 23:46:14,2024-11-25 16:02:01,63.273935,15.247703,13.0275,3204.0,0.290216
5096.01,26826078,KP,2.8753183,2460285.252669,2022-01-06 23:46:15,2024-01-17 10:08:02,111.91643,24.336119,10.2832,4604.0,0.68
5097.01,203214081,KP,5.7459945,2460261.803357,2022-01-06 23:46:15,2024-02-01 16:02:02,134.718851,21.074796,11.5219,3413.0,0.32
5098.01,14770122,KP,3.5438732,2459500.382137,2022-01-06 23:46:16,2024-11-26 16:02:02,113.758253,17.830028,11.8887,6466.0,1.74624
5101.01,366410512,KP,10.1367283,2460247.820034,2022-01-06 23:46:17,2024-01-17 10:08:02,126.488211,11.511093,11.6718,6283.0,1.51
5111.01,203289099,KP,3.3557219,2460280.32405,2022-01-25 22:18:19,2024-02-01 16:02:02,136.361492,21.668589,11.7538,3807.0,0.56
5121.01,366568760,KP,8.4071591,2460269.511157,2022-01-25 22:18:24,2024-02-01 16:02:02,127.762837,10.847557,11.6522,4642.6,4.71
5123.01,332022997,KP,3.2810299,2459501.145179,2022-02-08 22:06:13,2024-11-25 16:02:01,132.16988,20.455016,11.1983,4783.6,0.735345
5123.02,332022997,KP,8.4388997,2459572.871765,2022-01-25 22:18:25,2024-11-25 16:02:01,132.16988,20.455016,11.1983,4783.6,0.735345
5136.01,175236511,KP,7.8092052,2459550.096564,2022-01-25 22:18:31,2022-01-25 16:02:02,129.813701,23.357437,12.0789,5906.9,1.22
5138.01,38087018,KP,1.7292681,2459526.191553,2022-01-25 22:30:56,2024-11-26 16:02:02,169.632755,-1.774058,14.6026,4377.0,0.766495
5141.01,350020859,KP,11.8141726,2459556.003033,2022-01-25 22:30:58,2022-07-15 16:02:01,154.671098,10.128846,8.74761,5609.0,1.78598
5142.01,393495970,KP,1.7554285,2459576.373848,2022-01-25 22:30:58,2022-07-15 16:02:01,160.602369,7.435077,11.0658,5306.0,0.965222
5144.01,380619414,KP,2.6556753,2460262.66986,2022-01-25 22:30:59,2024-02-02 10:08:02,175.908033,6.563784,10.15,5817.3,
5145.01,281885301,KP,7.9177855,2459554.042178,2022-01-25 22:31:00,2024-02-02 10:08:02,174.960254,0.603596,12.3049,5322.0,0.840476
5146.01,173103335,KP,10.0546003,2459528.179119,2022-01-25 22:31:00,2024-11-26 16:02:02,172.335371,-1.455136,10.5459,3920.0,0.550856
5155.01,388811663,KP,9.7956535,2459456.729746,2022-02-08 21:10:13,2024-11-26 16:02:02,18.424101,3.097073,11.7603,4147.0,0.706632
5162.01,60286662,KP,8.5623289,2459504.354978,2022-02-08 22:12:13,2024-11-26 16:02:02,125.223914,16.090796,13.2027,5545.3,1.0230401
5163.01,115010361,KP,15.4658691,2459674.578483,2022-02-08 22:12:14,2022-12-12 16:02:01,201.616856,-2.281902,11.6271,5480.8,1.02
5164.01,6892385,KP,8.2669589,2460256.367181,2022-02-08 22:12:14,2024-01-17 10:08:02,125.420299,13.497512,11.2089,5411.1,0.92
5168.01,363548415,KP,6.7713411,2459528.161777,2022-02-08 22:12:16,2024-11-22 10:08:02,171.515187,1.230624,11.9186,5231.0,0.89
5170.01,330690135,KP,14.7565015,2459558.616394,2022-02-08 22:13:08,2024-02-02 10:08:02,136.789275,15.205677,11.5559,5790.7,1.20174
5173.01,98669309,KP,4.0035773,2459552.707286,2022-02-08 22:13:09,2022-02-10 12:02:57,186.085306,-6.378954,14.1768,5318.0,1.08492
5178.01,149969625,KP,14.0666014,2459560.41257,2022-02-08 22:13:12,2022-02-10 12:02:57,184.900488,0.968327,10.7875,5141.67,0.837606
5373.01,9155187,KP,4.1878375,2459582.167296,2022-03-01 00:00:34,2022-02-28 17:03:41,116.716387,39.094469,11.4556,5521.95,1.10007
5374.01,20096620,KP,2.9164004,2459580.063121,2022-03-01 00:00:35,2022-02-28 17:03:41,129.882377,47.351908,9.9596,5720.0,1.82744
5384.01,165297570,KP,2.9895092,2459610.390465,2022-03-24 21:34:47,2022-03-24 16:02:01,157.06262,25.573137,9.6022,6317.0,1.61396
5520.01,374180079,KP,14.69808,2459267.668855,2022-04-20 20:43:54,2024-11-26 16:02:02,157.935686,0.937278,10.6269,4362.0,0.733789
5520.02,374180079,KP,19.4834833,2459263.380209,2022-04-20 20:43:53,2024-11-26 16:02:02,157.935686,0.937278,10.6269,4362.0,0.733789
5523.02,443616612,KP,3.4712803,2459281.403586,2022-04-20 21:11:27,2024-11-22 10:08:02,169.117028,-3.975441,13.7701,3696.0,0.563
5524.01,277833995,KP,2.2979915,2458518.126625,2022-04-20 21:11:28,2024-11-26 16:02:02,156.405499,2.513883,11.758,3650.0,0.590525
5528.01,458686847,KP,1.2916034,2459230.014002,2022-04-20 21:11:30,2025-08-29 16:00:02,133.855734,10.469218,12.7482,3689.0,0.514745
5529.01,366411016,KP,8.8652886,2459235.706758,2022-04-20 21:11:31,2024-01-31 16:02:01,126.464358,10.246577,11.8964,5368.0,0.697439
5534.01,176868951,KP,0.3693057,2459280.989488,2022-04-20 21:11:33,2024-01-31 16:02:01,182.751404,-9.765239,11.3328,5129.0,0.755722
5535.01,411697517,KP,3.3863171,2459174.356092,2022-04-20 21:11:33,2024-11-26 16:02:02,78.339119,16.414199,14.4087,5780.0,
5555.01,388804061,KP,32.9373717,2459537.250096,2022-05-17 20:08:54,2024-11-26 16:02:02,172.560141,7.587832,11.2373,3464.0,0.444516
5556.01,55315929,KP,0.7195712,2459526.091298,2022-05-17 20:08:55,2022-05-25 12:03:22,140.339084,14.367869,8.89098,5910.0,1.2550499
5558.01,14570099,KP,26.1944549,2459521.873206,2022-05-17 20:08:56,2024-11-26 16:02:02,125.986485,22.663226,11.0384,4678.0,0.709927
5559.01,456945304,KP,2.1408063,2460258.421812,2022-05-17 20:08:56,2024-02-06 16:04:15,67.82053,19.83169,10.3729,5372.0,1.0
5562.01,17307715,KP,13.8532745,2459476.992391,2022-05-17 20:08:58,2024-11-25 16:02:01,65.469614,21.353263,11.4529,3893.47,0.655766
5631.01,347430350,KP,2.2438471,2459689.309412,2022-06-02 21:02:06,2022-06-02 16:02:01,218.276625,21.894688,9.32423,6458.0,1.33
5632.01,420779000,KP,4.2342153,2459666.190171,2022-06-02 21:08:18,2022-06-02 16:02:01,213.156551,4.059417,10.9016,5061.9,0.859778
5672.01,461239485,KP,3.0390851,2459693.716285,2022-07-07 18:50:02,2022-07-07 13:00:56,222.767322,5.947363,11.4063,5316.0,0.864673
5673.01,175772482,KP,2.8386215,2459695.204858,2022-07-07 18:50:03,2022-07-07 13:00:56,223.819979,-2.057687,12.2688,5878.0,1.02573
5674.01,368805700,KP,3.5771891,2459695.989749,2022-07-07 18:50:03,2022-07-07 13:00:56,221.943887,1.065023,12.1159,5849.09,1.06358
5675.01,181949561,KP,4.0552832,2459694.284607,2022-07-07 18:50:04,2026-01-15 16:00:02,217.326648,-3.444499,11.3763,5326.6,1.01342
5676.01,311133118,KP,3.5061649,2459701.925342,2022-07-07 18:50:04,2023-03-15 16:02:02,222.210077,22.152614,10.5319,4906.0,0.771086
5685.01,460396820,KP,2.3409909,2459714.654156,2022-07-14 20:57:23,2025-08-29 16:00:02,227.215497,2.343286,11.0062,6090.0,1.35
5793.01,398895470,KP,2.6940348,2459771.189014,2022-09-22 22:57:13,2022-09-24 12:03:37,297.322652,4.672412,10.5523,6479.0,1.65082
5794.01,273874849,KP,1.4857148,2459825.552259,2022-09-22 22:57:13,2023-03-15 16:02:02,298.395244,47.814986,13.6414,5781.0,1.01034
5796.01,391958006,KP,1.7430143,2459771.551589,2022-09-22 22:57:14,2022-09-24 12:03:37,291.777046,1.383663,11.6659,5529.0,0.937741
5797.01,374530847,KP,2.152163,2459770.231395,2022-09-22 22:57:15,2022-09-24 12:03:37,307.725559,6.429331,10.9984,5147.0,0.85467
5798.01,305243225,KP,1.2129139,2459770.519892,2022-09-22 22:57:15,2023-03-15 16:02:02,306.123908,16.762146,11.734,5918.23,1.15176
5801.01,243921117,KP,3.067816,2459770.026754,2022-09-22 22:57:16,2022-09-24 12:03:37,303.1668,-2.144437,10.3622,3965.0,0.636572
5802.01,399402994,KP,2.7161298,2459770.470612,2022-09-22 22:57:17,2022-09-24 12:03:37,304.207992,3.293949,11.8886,5962.0,1.18678
5812.01,388909695,KP,10.1466193,2460549.461351,2022-10-12 17:37:23,2024-10-31 10:08:01,327.570011,4.194573,10.4106,5660.0,1.22
5815.01,375942197,KP,3.8993831,2459797.700003,2022-10-12 18:12:32,2022-10-16 12:02:28,313.687293,9.179069,11.5352,6152.0,1.86222
5818.01,283419843,KP,2.6052674,2459799.022189,2022-10-12 18:12:34,2022-10-16 12:02:28,315.90549,11.989367,12.5375,5916.0,1.66978
5820.01,459730973,KP,3.9156848,2459799.366946,2022-10-12 18:12:35,2022-10-16 12:02:28,315.531949,7.056279,11.07,6228.0,1.83823
5821.01,354619337,KP,2.1425095,2460556.771408,2022-10-12 18:12:35,2024-11-14 10:08:02,317.551526,10.738897,8.08821,7893.0,2.02
5822.01,466390120,KP,1.5487245,2459797.810597,2022-10-12 18:12:36,2022-10-16 12:02:28,327.665695,10.462939,12.0671,5887.35,1.41021
5823.01,248853232,KP,3.8681492,2459798.775459,2022-10-12 18:12:36,2022-10-16 12:02:28,315.025966,-5.094857,8.8628,4746.0,0.877591
5824.01,272366748,KP,3.8555897,2459800.057422,2022-10-12 18:12:37,2023-03-15 16:02:02,296.393195,45.568533,14.8018,5741.0,1.05268
5959.01,199671901,KP,4.4571444,2459855.872666,2022-11-16 01:06:38,2023-02-03 10:10:01,335.51292,45.457342,10.9726,6074.0,2.09465
5960.01,188876052,KP,3.076329,2459827.429945,2022-11-16 01:06:38,2022-11-18 12:02:43,343.041493,35.447178,9.7758,6401.79,1.4311
5963.01,436478932,KP,4.3226229,2459826.311145,2022-11-16 01:06:40,2022-11-18 12:02:43,347.492802,18.39616,10.9644,5924.0,1.3475699
5969.01,91051152,KP,7.9192605,2459830.349006,2022-11-16 01:06:43,2022-11-18 12:02:43,349.622955,24.889277,11.5549,4302.0,0.758608
5970.01,431701493,KP,3.0927432,2460561.869567,2022-11-16 01:06:43,2025-08-29 16:00:02,348.993046,31.462751,11.5189,4713.98,0.750341
5972.01,420814525,KP,3.5247546,2460552.87974,2022-11-16 01:06:44,2024-11-05 10:08:02,330.795022,18.884242,7.1274,6052.0,1.19
5979.01,137151335,KP,4.7267257,2460332.777222,2022-12-01 22:59:55,2024-03-29 10:08:02,291.418127,38.672312,9.4087,5655.0,0.92
5980.01,164652245,KP,79.5839995,2458708.932559,2022-12-01 22:59:55,2022-12-10 12:03:03,284.05925,44.518373,9.0638,5391.0,0.79137
5982.01,299087490,KP,38.4787613,2459409.912265,2022-12-01 23:00:53,2022-12-10 12:03:03,288.902283,49.370408,13.2147,5439.49,0.810043
5984.01,120692092,KP,3.4130781,2459392.151066,2022-12-01 23:00:54,2022-12-10 12:03:03,285.930736,39.09812,14.0672,5410.0,0.865985
5986.01,158657354,KP,38.5835889,2459406.492987,2022-12-01 23:00:54,2022-12-10 12:03:03,288.153973,44.068815,11.7942,6373.72,1.74231
5988.01,377780790,KP,0.8374997,2458683.867901,2022-12-01 23:00:55,2022-12-10 12:03:03,285.679298,50.241484,10.4767,5706.0,1.08974
5992.01,159054620,KP,8.0276821,2459391.6426,2022-12-01 23:00:56,2022-12-10 12:03:03,289.603838,46.31491,15.0277,5368.0,1.12772
5993.01,27534138,KP,28.5410557,2459419.054916,2022-12-01 23:00:56,2022-12-10 12:03:03,295.486582,51.013524,11.2877,6197.21,1.64162
5994.01,63283780,KP,7.9726644,2459397.430362,2022-12-01 23:00:56,2022-12-10 12:03:03,292.50342,43.083219,13.0702,4564.61,0.637495
5995.01,352011875,KP,6.2468813,2458686.187589,2022-12-01 23:00:56,2022-12-10 12:03:03,285.672903,44.116751,11.7971,4643.39,6.3787198
5999.01,120317234,KP,6.8834027,2460326.535519,2022-12-01 23:00:58,2024-04-02 10:08:02,284.635189,40.71983,10.4081,6133.77,1.23
6001.01,139104940,KP,3.003901,2459422.453454,2022-12-01 23:00:58,2022-12-10 12:03:03,295.307525,38.881572,14.5855,6052.0,1.50633
6003.01,121731834,KP,5.8599392,2458686.103572,2022-12-01 23:00:59,2022-12-10 12:03:03,288.688722,41.151108,10.593,6149.0,1.5092
6004.01,48353358,KP,9.8786838,2458685.778397,2022-12-01 23:00:59,2022-12-10 12:03:03,283.62826,48.390808,12.1042,3759.27,0.460619
6005.01,123357864,KP,16.1455898,2458697.413913,2022-12-01 23:01:00,2022-12-10 12:03:03,281.482473,47.207826,10.8515,4816.0,0.732995
6006.01,123309556,KP,2.5080815,2459392.21042,2022-12-01 23:01:00,2022-12-10 12:03:03,281.194732,47.497261,12.1773,4715.0,0.739515
6013.01,53728859,KP,3.2573898,2459853.92256,2022-12-15 22:35:22,2022-12-17 12:02:41,13.000916,34.728402,12.3396,5698.38,1.0461299
6014.01,57984377,KP,2.5199146,2459854.549103,2022-12-15 22:35:22,2022-12-17 12:02:41,5.166954,31.989973,11.1355,6116.0,1.56419
6015.01,288246496,KP,4.304829,2459854.005471,2022-12-15 22:35:23,2022-12-17 12:02:41,356.666714,31.155911,11.5639,6001.0,1.51284
6017.01,291751373,KP,2.5079177,2459855.494899,2022-12-15 22:35:23,2022-12-17 12:02:41,359.151972,36.212956,12.355,6207.39,1.72725
6021.01,291685334,KP,2.0319883,2459853.85413,2022-12-15 22:35:25,2022-12-17 12:02:41,358.515134,37.021824,12.489,6161.0,1.56523
6028.01,250707118,KP,5.7238582,2459885.016838,2023-01-20 00:26:40,2023-01-19 16:52:49,33.131092,51.778775,11.2791,6086.0,1.23052
6030.01,245392284,KP,1.7442831,2459883.279834,2023-01-20 00:26:40,2023-01-19 16:52:49,38.369165,56.025708,11.9004,8039.0,1.6008
6031.01,292152376,KP,2.1499907,2459883.617765,2023-01-20 00:26:41,2023-01-19 16:52:49,31.042761,46.687851,10.7696,6340.0,1.2630399
6043.01,453064665,KP,2.6452121,2459911.851307,2023-02-08 21:13:33,2023-02-10 12:02:45,74.504382,48.300855,11.8889,5596.0,1.2406
6049.01,353459965,KP,10.8614911,2459918.20065,2023-02-08 21:13:36,2023-02-10 12:02:45,66.248142,39.460602,11.0878,5663.55,0.895095
6052.01,9443323,KP,4.01357,2459913.801096,2023-02-08 21:13:37,2023-02-10 12:02:45,68.846509,56.868269,12.1957,5679.0,1.53012
6072.01,147797743,KP,3.691559,2459940.374302,2023-02-23 20:51:11,2023-02-23 16:02:01,110.735331,67.252657,10.7447,5720.0,1.0878299
6073.01,271424111,KP,3.2687063,2459393.028617,2023-02-23 20:52:26,2023-02-23 16:02:01,295.025662,46.955954,14.3999,6007.22,1.40537
6081.01,271431851,KP,7.8864218,2459397.093442,2023-03-02 20:05:25,2023-03-02 13:33:57,295.094957,43.537565,14.4952,5597.0,1.56051
6083.01,299089652,KP,,2459752.893746,2023-03-02 20:05:25,2023-03-02 13:33:57,288.848855,51.209038,11.9363,5576.31,0.940603
6087.01,48448369,KP,,2459806.508801,2023-03-02 20:05:26,2023-03-02 13:33:57,284.739116,49.598445,11.8216,5819.72,1.0546401
6088.01,122375047,KP,9.2866733,2459398.896348,2023-03-02 20:05:26,2023-03-02 13:33:57,290.420969,37.851656,11.3992,5511.0,0.911823
6089.01,350814622,KP,3.2135636,2459391.482922,2023-03-02 20:05:26,2023-03-02 13:33:57,285.615449,50.135771,11.7266,5772.0,1.59521
6090.01,268159158,KP,4.7082414,2459420.863418,2023-03-02 20:05:26,2025-09-03 16:00:01,298.635648,44.170939,14.5892,5490.0,1.14715
6269.01,168281028,KP,4.3744614,2459991.434964,2023-04-13 19:49:20,2023-04-18 12:03:33,154.271062,-25.276298,11.8134,5677.0,1.11563
6273.01,142211778,KP,3.052057,2460016.846502,2023-04-27 20:49:01,2023-04-27 16:02:02,180.546219,-35.548609,13.9069,5726.0,1.38708
6278.01,157230659,KP,7.5337657,2460019.14123,2023-04-27 20:49:02,2023-04-27 16:02:02,176.249942,-35.640563,11.6634,5869.0,1.52905
6546.01,9385460,KP,3.3779614,2460044.202478,2023-06-29 17:44:39,2023-07-08 12:03:10,191.702821,-24.42739,12.5329,6113.0,1.6616499
6547.01,915110182,KP,1.4328255,2460042.540561,2023-06-29 17:44:39,2023-07-08 12:03:10,163.101036,-61.446859,14.7028,4588.0,0.817544
6551.01,166527623,KP,6.9593972,2460044.634922,2023-07-20 23:27:26,2024-07-17 12:02:46,207.526001,-40.835896,9.1871,5854.0,1.33729
6681.01,425817867,KP,3.7783401,2460129.98959,2023-09-21 21:35:30,2023-09-24 12:03:22,305.872437,-44.0587,12.0491,5443.0,0.863922
6686.01,269217040,KP,4.1661265,2460128.917227,2023-09-21 21:35:31,2023-09-24 12:03:22,284.548382,-47.003307,10.2748,5883.0,1.15599
6719.01,92449173,KP,2.1764875,2460155.27651,2023-10-18 20:59:29,2023-10-27 12:02:48,314.575438,-35.796622,12.2247,5646.0,1.56233
6720.01,281541545,KP,4.1470359,2460158.117981,2023-10-18 20:59:29,2023-10-27 12:02:48,6.613593,-56.34428,13.7813,4247.0,0.775548
6726.01,121490076,KP,14.2456603,2460160.495921,2023-10-18 20:59:46,2023-10-27 12:02:48,343.572379,-43.010229,8.9988,4760.0,0.76
6821.01,197643976,KP,3.535713,2460179.094875,2023-11-02 22:52:17,2025-09-03 16:00:01,328.51748,-38.377419,12.5638,5222.0,0.86
6833.01,4610830,KP,8.2616616,2460219.144796,2023-12-07 19:23:07,2023-12-09 12:02:53,348.949031,-10.849739,11.5018,5281.0,0.86
6834.01,49735922,KP,6.3392677,2460226.787328,2023-12-07 19:23:07,2023-12-09 12:02:53,352.713934,-11.077356,12.1093,5289.0,0.93
6835.01,301235044,KP,0.2803246,2460232.513071,2023-12-07 19:23:07,2023-12-09 12:02:53,350.917046,-1.189183,10.0298,4477.0,0.72
6836.01,422618449,KP,9.100412,2460229.092386,2023-12-07 19:23:31,2023-12-09 12:02:53,353.954352,0.444704,9.3742,5013.7,0.77
6838.01,278892590,KP,1.5109447,2460209.808352,2023-12-07 19:23:48,2023-12-09 12:02:53,346.626392,-5.043462,13.8529,5780.0,0.114827
6872.01,150096001,KP,11.0248821,2460251.64402,2023-12-21 22:10:58,2024-01-07 12:02:46,70.149378,25.009813,12.3252,3798.0,0.46
6877.01,365007485,KP,33.5920255,2459521.373701,2024-01-25 23:12:48,2024-01-31 12:03:06,164.189386,9.673946,11.6575,5468.0,0.91
6962.01,435339558,KP,21.9903619,2459456.138592,2024-04-03 22:41:11,2024-04-03 18:04:50,55.255931,13.519187,11.2235,5294.0,1.33417
6967.01,27635334,KP,4.7335575,2459502.375963,2024-04-03 22:41:12,2024-04-03 18:04:50,123.381848,16.419516,11.6736,5496.0,1.75896
6970.01,271749758,KP,11.714447,2460342.99711,2024-04-03 22:50:32,2024-04-03 18:04:50,295.49671,42.537932,13.9354,5165.0,0.885629
6977.01,436575927,KP,5.0957983,2460250.885968,2024-04-25 22:44:01,2024-04-28 12:03:30,71.110002,16.518582,11.4398,4197.0,0.7
6979.01,26078330,KP,8.754708,2459451.225412,2024-05-30 23:28:24,2024-06-02 12:03:05,52.888852,22.434819,11.584,5888.0,0.889347
6984.01,83181153,KP,,2460256.948124,2024-05-30 23:28:45,2024-06-02 12:03:05,94.206431,24.595834,12.7079,3683.0,0.515263
7055.01,167227214,KP,3.1290476,2460482.92975,2024-09-24 23:12:39,2024-10-02 12:02:55,274.37327,-3.381059,11.6961,5585.0,1.4505399
7056.01,110178537,KP,2.993282,2460481.443181,2024-09-24 23:12:39,2024-10-02 12:02:55,280.6873,5.937659,12.419,6343.0,1.58601
7057.01,325670253,KP,3.3777419,2460480.135888,2024-09-24 23:12:39,2024-10-02 12:02:55,269.57207,5.761371,12.8999,5080.0,1.0408
7058.01,317520667,KP,2.4651801,2460480.429067,2024-09-24 23:12:39,2024-10-02 12:02:55,274.743418,10.597197,10.1154,6848.0,1.51554
7059.01,104866616,KP,4.4626647,2460481.357046,2024-09-24 23:12:39,2024-10-02 12:02:55,270.444183,-2.97098,11.1323,7587.0,1.3951401
7061.01,244089109,KP,2.1376682,2460532.279247,2024-10-03 21:17:07,2024-10-04 10:08:02,304.538843,-1.076003,9.13055,5806.0,1.6
7066.01,405010127,KP,13.2341261,2460509.503679,2024-10-24 17:26:52,2024-11-13 12:03:28,291.063681,0.746014,13.8215,5025.0,0.548929
7067.01,139158696,KP,15.3573522,2460509.909088,2024-10-24 17:26:53,2024-11-13 12:03:28,295.287232,41.222003,14.5293,5462.0,0.915391
7068.01,137685450,KP,,2460517.615013,2024-10-24 17:26:53,2024-11-13 12:03:28,292.627494,37.860165,11.4605,6181.58,1.36797
7165.01,239277658,KP,3.2509657,2460534.504554,2024-11-14 22:35:59,2024-11-23 12:03:04,300.102351,45.762192,14.1223,5757.0,1.49959
7168.01,427685831,KP,1.7497746,2460560.085062,2024-11-14 22:37:14,2024-11-23 12:03:04,348.494793,8.761079,11.3819,5087.0,0.856841
7383.01,11755687,KP,3.0522686,2460663.454963,2025-04-10 23:13:18,2025-04-14 12:03:26,90.643666,-0.57711,12.4821,5370.0,0.962287
7395.01,273234825,KP,125.8659048,2458719.72728,2025-05-01 19:36:00,2025-05-01 16:00:02,297.465335,42.882852,13.5102,5968.88,1.0645
7396.01,273690178,KP,14.8589888,2458690.740709,2025-05-01 19:36:00,2025-05-01 16:00:02,298.079445,44.746248,12.9879,5359.0,0.951815
7456.01,158933249,KP,,2459429.620166,2025-06-05 20:40:12,2025-06-05 16:00:01,288.97163,44.624645,11.6455,5328.63,1.0
7457.01,272840455,KP,6.8733768,2459424.944384,2025-06-05 20:40:12,2025-06-05 16:00:01,296.813688,47.526545,14.1348,6014.0,2.3646801
7458.01,169081296,KP,16.2385246,2458690.156638,2025-06-05 20:40:12,2025-06-05 16:00:01,297.069826,40.525204,9.85155,5740.0,0.952085
7461.01,271052158,KP,5.9605542,2458713.371243,2025-06-05 20:40:12,2025-06-05 16:00:01,294.674151,42.075604,11.9838,5219.54,0.943064
7463.01,274198407,KP,4.662632,2459419.9931,2025-06-05 20:40:12,2025-06-05 16:00:01,298.482834,46.793636,12.7994,5940.12,0.948492
7468.01,2621212,KP,,2460777.441897,2025-08-21 21:04:24,2025-08-27 12:03:56,208.901451,-6.136083,11.2309,4550.0,0.701485
7469.01,187309502,KP,3.5868547,2460776.225269,2025-08-21 21:04:24,2025-08-27 12:03:56,207.07829,-11.588988,14.1986,5036.0,0.980071
7470.01,437444661,KP,17.9758603,2460776.476517,2025-08-21 21:04:24,2025-08-27 12:03:56,252.426008,-19.54305,11.3692,5274.0,0.851795
7471.01,46020827,KP,9.3911326,2460794.2165,2025-08-21 21:04:24,2025-08-27 12:03:56,214.059579,-19.542306,10.4725,5708.0,1.76693
7472.01,145368316,KP,1.6096874,2460775.659327,2025-08-21 21:04:24,2025-08-27 12:03:56,256.537555,-10.413007,11.6123,6472.0,1.14583
7473.01,187278212,KP,,2460777.930913,2025-08-21 21:04:24,2025-08-27 12:03:56,206.846198,-6.139337,9.2493,4759.0,0.641805
7474.01,50171060,KP,1.257813,2460775.325905,2025-08-21 21:04:24,2025-08-27 12:03:56,245.440553,-23.548273,10.0198,5340.0,1.02904
7476.01,442530946,KP,3.7130279,2460804.77465,2025-09-03 20:59:10,2025-09-09 12:04:04,315.477191,-13.433382,10.5959,5808.0,1.20191
7477.01,126325985,KP,3.312816,2460804.314174,2025-09-03 20:59:10,2025-09-09 12:04:04,294.306839,-22.204487,12.5192,5909.0,1.23194
7478.01,11270200,KP,3.1432403,2460806.062159,2025-09-03 20:59:10,2025-09-09 12:04:04,289.202402,-19.355923,12.2994,5780.0,
7479.01,77202722,KP,3.3566052,2460805.31211,2025-09-03 20:59:10,2025-09-09 12:04:04,313.900026,-18.971408,12.4035,5012.0,0.916939
7480.01,71841620,KP,5.084334,2460803.446331,2025-09-03 20:59:10,2025-09-09 12:04:04,305.095724,-19.314727,9.9543,5692.5,1.73938
7484.01,68952448,KP,4.6144478,2460803.328685,2025-09-03 20:59:10,2025-09-09 12:04:04,295.743849,-19.949731,11.355,5417.0,0.831063
7486.01,336732544,KP,3.2771118,2460805.293336,2025-09-03 20:59:10,2025-09-09 12:04:04,312.449308,-24.303506,13.3102,5451.0,0.944511
7487.01,301258470,KP,12.4563692,2460812.205917,2025-09-03 20:59:10,2025-09-09 12:04:04,351.135378,-5.164145,11.9039,5278.0,0.843307
7490.01,250977648,KP,4.6080854,2460807.332477,2025-09-03 20:59:10,2025-09-09 12:04:04,338.368209,-9.022941,9.9735,4911.0,3.1205699
7491.01,119262291,KP,4.1747143,2460804.961676,2025-09-03 20:59:11,2025-09-09 12:04:04,291.478701,-23.202818,13.7805,5859.0,1.08854
7492.01,102068384,KP,2.5001361,2460804.761801,2025-09-03 20:59:11,2025-09-09 12:04:04,328.975921,-14.06844,12.9376,5160.0,0.998401
7493.01,12611594,KP,1.9155258,2460803.361443,2025-09-03 20:59:11,2025-09-09 12:04:04,290.81017,-20.166377,12.5866,5494.0,1.58042
7496.01,96847781,KP,3.5841,2460804.332152,2025-09-03 20:59:11,2025-09-09 12:04:04,294.941689,-25.748366,13.8205,5553.0,1.11542
7497.01,130633912,KP,5.2913602,2460807.717198,2025-09-03 20:59:11,2025-09-09 12:04:04,289.391796,-16.871727,11.8543,5555.0,1.03676
7499.01,301031110,KP,3.8304162,2460803.441097,2025-09-03 20:59:11,2025-09-09 12:04:04,300.428076,-26.077564,13.4041,5770.0,1.2148
7501.01,271898990,KP,1.747633,2460803.105262,2025-09-03 20:59:11,2025-09-09 12:04:04,311.092004,-19.437527,14.0739,5122.0,1.61423
7502.01,169504920,KP,3.1052319,2460803.114126,2025-09-03 20:59:11,2025-09-09 12:04:04,292.939782,-26.740202,11.9801,6297.0,1.29988
7503.01,11439959,KP,3.6188769,2460805.763535,2025-09-03 20:59:11,2025-09-09 12:04:04,289.40076,-22.390009,13.3735,5871.0,1.46198
7511.01,146364192,KP,2.3691651,2459090.174433,2025-10-16 23:09:47,2025-10-17 10:08:01,342.031649,-14.494779,10.4222,5394.0,0.930331
7512.01,380255458,KP,6.569208,2459559.04535,2025-10-16 23:10:53,2025-10-17 10:08:01,188.137317,-9.607611,12.0213,5712.0,1.01702
7513.01,56815340,KP,9.5802888,2459554.243825,2025-10-16 23:10:53,2025-10-17 10:08:01,183.472474,-0.393436,8.56338,6498.0,1.2427
7513.02,56815340,KP,1221.2709773,2459569.376085,2025-10-16 23:10:53,2025-10-17 10:08:01,183.472474,-0.393436,8.56338,6498.0,1.2427
7683.01,441422655,KP,1.5435057,2460883.407275,2026-01-15 22:17:54,2026-02-01 12:04:04,311.258311,-35.427841,14.5499,4650.0,0.828853
7718.01,37348844,KP,0.7668221,2460989.040876,2026-04-09 21:15:49,2026-04-10 09:02:27,91.87228,-25.594896,13.605,5780.0,1.0
7719.01,1333933,KP,3.2757945,2460989.988472,2026-04-09 21:15:49,2026-04-10 09:02:27,73.35531,-32.800348,13.9636,5620.0,0.955708
7772.01,309694541,KP,3.3119514,2460797.035911,2026-06-04 21:15:28,2026-06-21 12:05:01,223.857623,-18.432319,12.8222,5692.0,
7852.01,951438622,KP,0.2359467,2461100.832208,2026-06-25 22:56:38,2026-07-06 15:29:20,187.568931,-26.930961,18.8086,5780.0,1.0
7855.01,27846348,KP,130.1648184,2458689.998872,2026-07-23 23:57:56,2026-07-24 15:12:51,296.479762,49.937649,14.2045,5770.0,0.850059
7856.01,417679385,KP,0.6535255,2460313.089924,2026-07-23 23:57:56,2026-07-24 15:12:51,290.96621,51.504766,14.987,4571.0,0.734657
7858.01,158490401,KP,12.7137939,2459394.331975,2026-07-23 23:57:56,2026-07-24 15:12:51,287.559807,46.95726,11.034,3678.9,0.48
7859.01,416279912,KP,,2460564.052867,2026-07-23 23:57:56,2026-07-24 15:12:51,289.763621,51.962683,12.1351,5823.0,0.926307
7860.01,299161524,KP,12.611812,2460298.278657,2026-07-23 23:57:56,2026-07-24 15:12:51,289.11222,51.737359,14.6048,5462.0,1.9405299
